kind,id,name,game_assignment,historical_basis,alt_history_embellishment,source_url
minister,251001,Rajendra Prasad,Head of State | Indian Constituent President | SD,"Congress president, constitutional leader and later first President of India.",Cabinet service is advanced to the 1933 Lahore Accord state; the custom trait turns the person's documented political strengths into a balanced gameplay effect.,https://presidentofindia.nic.in/dr-rajendra-prasad-served-profile
minister,251002,Jawaharlal Nehru,Head of Government | Nehruvian National Planner | SD,"Congress leader associated with socialism, scientific modernity, planning and anti-colonial internationalism.",Cabinet service is advanced to the 1933 Lahore Accord state; the custom trait turns the person's documented political strengths into a balanced gameplay effect.,https://nehruportal.nic.in/
minister,251003,Jawaharlal Nehru,Foreign Minister | Nehruvian Internationalist | SD,"Congress leader associated with socialism, scientific modernity, planning and anti-colonial internationalism.",Cabinet service is advanced to the 1933 Lahore Accord state; the custom trait turns the person's documented political strengths into a balanced gameplay effect.,https://nehruportal.nic.in/
minister,251004,Vallabhbhai Patel,Minister of Armament | Patelian National Organizer | SD,"Congress organizer, administrator and the historical architect of princely-state integration.",Cabinet service is advanced to the 1933 Lahore Accord state; the custom trait turns the person's documented political strengths into a balanced gameplay effect.,https://www.pib.gov.in/PressReleasePage.aspx?PRID=1872132
minister,251005,B. R. Ambedkar,Minister of Security | Ambedkarite Social Justice | SD,"Jurist, labour advocate and principal constitutional champion of equal citizenship and social justice.",Cabinet service is advanced to the 1933 Lahore Accord state; the custom trait turns the person's documented political strengths into a balanced gameplay effect.,https://www.mea.gov.in/Images/attach/amb/Volume_01.pdf
minister,251006,Rafi Ahmed Kidwai,Head of Military Intelligence | Civic Intelligence Coordinator | SD,Congress organizer and practical administrator with strong provincial and mass-political networks.,Cabinet service is advanced to the 1933 Lahore Accord state; the custom trait turns the person's documented political strengths into a balanced gameplay effect.,https://amritmahotsav.nic.in/unsung-heroes-detail.htm?16245
minister,251007,K. M. Cariappa,Chief of Staff | Professional General Staff | SD,"Professional Indian Army officer, staff graduate and later the first Indian Commander-in-Chief.",Cabinet service is advanced to the 1933 Lahore Accord state; the custom trait turns the person's documented political strengths into a balanced gameplay effect.,https://www.pib.gov.in/PressReleasePage.aspx?PRID=2213933&lang=1&reg=1
minister,251008,K. M. Cariappa,Chief of Army | Indian Army Reformer | SD,"Professional Indian Army officer, staff graduate and later the first Indian Commander-in-Chief.",Cabinet service is advanced to the 1933 Lahore Accord state; the custom trait turns the person's documented political strengths into a balanced gameplay effect.,https://www.pib.gov.in/PressReleasePage.aspx?PRID=2213933&lang=1&reg=1
minister,251009,Ram Dass Katari,Chief of Navy | Indian Ocean Fleet Architect | SD,Early Indian naval officer and later the first Indian Chief of the Naval Staff.,Cabinet service is advanced to the 1933 Lahore Accord state; the custom trait turns the person's documented political strengths into a balanced gameplay effect.,https://www.indiannavy.nic.in/content/admiral-ram-dass-katari
minister,251010,Subroto Mukerjee,Chief of Air Force | Indian Air Institution Builder | SD,"Foundational Indian air officer who helped build training, administration and an independent air institution.",Cabinet service is advanced to the 1933 Lahore Accord state; the custom trait turns the person's documented political strengths into a balanced gameplay effect.,https://www.pib.gov.in/PressReleasePage.aspx?PRID=2217026&lang=1&reg=6
minister,251011,Rajendra Prasad,Head of State | Indian Constituent President | SL,"Congress president, constitutional leader and later first President of India.",Cabinet service is advanced to the 1933 Lahore Accord state; the custom trait turns the person's documented political strengths into a balanced gameplay effect.,https://presidentofindia.nic.in/dr-rajendra-prasad-served-profile
minister,251012,Vallabhbhai Patel,Head of Government | Patelian Integrator | SL,"Congress organizer, administrator and the historical architect of princely-state integration.",Cabinet service is advanced to the 1933 Lahore Accord state; the custom trait turns the person's documented political strengths into a balanced gameplay effect.,https://www.pib.gov.in/PressReleasePage.aspx?PRID=1872132
minister,251013,C. Rajagopalachari,Foreign Minister | Constitutional Conciliator | SL,"Lawyer, constitutionalist, Congress statesman and advocate of negotiated political settlements.",Cabinet service is advanced to the 1933 Lahore Accord state; the custom trait turns the person's documented political strengths into a balanced gameplay effect.,https://www.britannica.com/biography/Chakravarti-Rajagopalachari
minister,251014,M. Visvesvaraya,Minister of Armament | Development Engineer | SL,"Engineer, Mysore administrator and influential advocate of planned industrial development.",Cabinet service is advanced to the 1933 Lahore Accord state; the custom trait turns the person's documented political strengths into a balanced gameplay effect.,https://www.pib.gov.in/PressReleasePage.aspx?PRID=2055289
minister,251015,B. R. Ambedkar,Minister of Security | Ambedkarite Social Justice | SL,"Jurist, labour advocate and principal constitutional champion of equal citizenship and social justice.",Cabinet service is advanced to the 1933 Lahore Accord state; the custom trait turns the person's documented political strengths into a balanced gameplay effect.,https://www.mea.gov.in/Images/attach/amb/Volume_01.pdf
minister,251016,B. N. Rau,Head of Military Intelligence | Constitutional Intelligence Analyst | SL,"Senior civil servant, comparative constitutional scholar and later constitutional adviser.",Cabinet service is advanced to the 1933 Lahore Accord state; the custom trait turns the person's documented political strengths into a balanced gameplay effect.,https://www.constitutionofindia.net/members/benegal-narsing-rau/
minister,251017,K. M. Cariappa,Chief of Staff | Professional General Staff | SL,"Professional Indian Army officer, staff graduate and later the first Indian Commander-in-Chief.",Cabinet service is advanced to the 1933 Lahore Accord state; the custom trait turns the person's documented political strengths into a balanced gameplay effect.,https://www.pib.gov.in/PressReleasePage.aspx?PRID=2213933&lang=1&reg=1
minister,251018,K. M. Cariappa,Chief of Army | Indian Army Reformer | SL,"Professional Indian Army officer, staff graduate and later the first Indian Commander-in-Chief.",Cabinet service is advanced to the 1933 Lahore Accord state; the custom trait turns the person's documented political strengths into a balanced gameplay effect.,https://www.pib.gov.in/PressReleasePage.aspx?PRID=2213933&lang=1&reg=1
minister,251019,Ram Dass Katari,Chief of Navy | Indian Ocean Fleet Architect | SL,Early Indian naval officer and later the first Indian Chief of the Naval Staff.,Cabinet service is advanced to the 1933 Lahore Accord state; the custom trait turns the person's documented political strengths into a balanced gameplay effect.,https://www.indiannavy.nic.in/content/admiral-ram-dass-katari
minister,251020,Subroto Mukerjee,Chief of Air Force | Indian Air Institution Builder | SL,"Foundational Indian air officer who helped build training, administration and an independent air institution.",Cabinet service is advanced to the 1933 Lahore Accord state; the custom trait turns the person's documented political strengths into a balanced gameplay effect.,https://www.pib.gov.in/PressReleasePage.aspx?PRID=2217026&lang=1&reg=6
minister,251021,Jawaharlal Nehru,Head of State | Republican Modernizer | LWR,"Congress leader associated with socialism, scientific modernity, planning and anti-colonial internationalism.",Cabinet service is advanced to the 1933 Lahore Accord state; the custom trait turns the person's documented political strengths into a balanced gameplay effect.,https://nehruportal.nic.in/
minister,251022,Subhas Chandra Bose,Head of Government | National Mobilization Director | LWR,"Militant anti-colonial leader, organizer of the Indian National Army and advocate of total national mobilization.",Cabinet service is advanced to the 1933 Lahore Accord state; the custom trait turns the person's documented political strengths into a balanced gameplay effect.,https://amritmahotsav.nic.in/subhas-chandra-bose.htm
minister,251023,V. K. Krishna Menon,Foreign Minister | Anti-Colonial Diplomat | LWR,Anti-colonial publicist and diplomat associated with assertive international advocacy and non-alignment.,Cabinet service is advanced to the 1933 Lahore Accord state; the custom trait turns the person's documented political strengths into a balanced gameplay effect.,https://www.britannica.com/biography/V-K-Krishna-Menon
minister,251024,Meghnad Saha,Minister of Armament | Scientific Planning Director | LWR,"Astrophysicist, institution builder and advocate of applying science and quantitative planning to national development.",Cabinet service is advanced to the 1933 Lahore Accord state; the custom trait turns the person's documented political strengths into a balanced gameplay effect.,https://insaindia.res.in/old_website/BM/BM1_6601.pdf
minister,251025,B. R. Ambedkar,Minister of Security | Ambedkarite Social Justice | LWR,"Jurist, labour advocate and principal constitutional champion of equal citizenship and social justice.",Cabinet service is advanced to the 1933 Lahore Accord state; the custom trait turns the person's documented political strengths into a balanced gameplay effect.,https://www.mea.gov.in/Images/attach/amb/Volume_01.pdf
minister,251026,Subhas Chandra Bose,Head of Military Intelligence | Revolutionary Intelligence Network | LWR,"Militant anti-colonial leader, organizer of the Indian National Army and advocate of total national mobilization.",Cabinet service is advanced to the 1933 Lahore Accord state; the custom trait turns the person's documented political strengths into a balanced gameplay effect.,https://amritmahotsav.nic.in/subhas-chandra-bose.htm
minister,251027,Subhas Chandra Bose,Chief of Staff | Mobilization General Staff | LWR,"Militant anti-colonial leader, organizer of the Indian National Army and advocate of total national mobilization.",Cabinet service is advanced to the 1933 Lahore Accord state; the custom trait turns the person's documented political strengths into a balanced gameplay effect.,https://amritmahotsav.nic.in/subhas-chandra-bose.htm
minister,251028,K. M. Cariappa,Chief of Army | Indian Army Reformer | LWR,"Professional Indian Army officer, staff graduate and later the first Indian Commander-in-Chief.",Cabinet service is advanced to the 1933 Lahore Accord state; the custom trait turns the person's documented political strengths into a balanced gameplay effect.,https://www.pib.gov.in/PressReleasePage.aspx?PRID=2213933&lang=1&reg=1
minister,251029,Ram Dass Katari,Chief of Navy | Indian Ocean Fleet Architect | LWR,Early Indian naval officer and later the first Indian Chief of the Naval Staff.,Cabinet service is advanced to the 1933 Lahore Accord state; the custom trait turns the person's documented political strengths into a balanced gameplay effect.,https://www.indiannavy.nic.in/content/admiral-ram-dass-katari
minister,251030,Subroto Mukerjee,Chief of Air Force | Indian Air Institution Builder | LWR,"Foundational Indian air officer who helped build training, administration and an independent air institution.",Cabinet service is advanced to the 1933 Lahore Accord state; the custom trait turns the person's documented political strengths into a balanced gameplay effect.,https://www.pib.gov.in/PressReleasePage.aspx?PRID=2217026&lang=1&reg=6
minister,251040,Rajendra Prasad,Head of State | Indian Constituent President | PA,"Congress president, constitutional leader and later first President of India.",Cabinet service is advanced to the 1933 Lahore Accord state; the custom trait turns the person's documented political strengths into a balanced gameplay effect.,https://presidentofindia.nic.in/dr-rajendra-prasad-served-profile
minister,251031,Subhas Chandra Bose,Head of Government | National Mobilization Director | PA,"Militant anti-colonial leader, organizer of the Indian National Army and advocate of total national mobilization.",Cabinet service is advanced to the 1933 Lahore Accord state; the custom trait turns the person's documented political strengths into a balanced gameplay effect.,https://amritmahotsav.nic.in/subhas-chandra-bose.htm
minister,251032,V. K. Krishna Menon,Foreign Minister | Anti-Colonial Diplomat | PA,Anti-colonial publicist and diplomat associated with assertive international advocacy and non-alignment.,Cabinet service is advanced to the 1933 Lahore Accord state; the custom trait turns the person's documented political strengths into a balanced gameplay effect.,https://www.britannica.com/biography/V-K-Krishna-Menon
minister,251033,Vallabhbhai Patel,Minister of Armament | Patelian National Organizer | PA,"Congress organizer, administrator and the historical architect of princely-state integration.",Cabinet service is advanced to the 1933 Lahore Accord state; the custom trait turns the person's documented political strengths into a balanced gameplay effect.,https://www.pib.gov.in/PressReleasePage.aspx?PRID=1872132
minister,251034,B. R. Ambedkar,Minister of Security | Ambedkarite Social Justice | PA,"Jurist, labour advocate and principal constitutional champion of equal citizenship and social justice.",Cabinet service is advanced to the 1933 Lahore Accord state; the custom trait turns the person's documented political strengths into a balanced gameplay effect.,https://www.mea.gov.in/Images/attach/amb/Volume_01.pdf
minister,251035,Subhas Chandra Bose,Head of Military Intelligence | Revolutionary Intelligence Network | PA,"Militant anti-colonial leader, organizer of the Indian National Army and advocate of total national mobilization.",Cabinet service is advanced to the 1933 Lahore Accord state; the custom trait turns the person's documented political strengths into a balanced gameplay effect.,https://amritmahotsav.nic.in/subhas-chandra-bose.htm
minister,251036,K. M. Cariappa,Chief of Staff | Professional General Staff | PA,"Professional Indian Army officer, staff graduate and later the first Indian Commander-in-Chief.",Cabinet service is advanced to the 1933 Lahore Accord state; the custom trait turns the person's documented political strengths into a balanced gameplay effect.,https://www.pib.gov.in/PressReleasePage.aspx?PRID=2213933&lang=1&reg=1
minister,251037,K. M. Cariappa,Chief of Army | Indian Army Reformer | PA,"Professional Indian Army officer, staff graduate and later the first Indian Commander-in-Chief.",Cabinet service is advanced to the 1933 Lahore Accord state; the custom trait turns the person's documented political strengths into a balanced gameplay effect.,https://www.pib.gov.in/PressReleasePage.aspx?PRID=2213933&lang=1&reg=1
minister,251038,Ram Dass Katari,Chief of Navy | Indian Ocean Fleet Architect | PA,Early Indian naval officer and later the first Indian Chief of the Naval Staff.,Cabinet service is advanced to the 1933 Lahore Accord state; the custom trait turns the person's documented political strengths into a balanced gameplay effect.,https://www.indiannavy.nic.in/content/admiral-ram-dass-katari
minister,251039,Subroto Mukerjee,Chief of Air Force | Indian Air Institution Builder | PA,"Foundational Indian air officer who helped build training, administration and an independent air institution.",Cabinet service is advanced to the 1933 Lahore Accord state; the custom trait turns the person's documented political strengths into a balanced gameplay effect.,https://www.pib.gov.in/PressReleasePage.aspx?PRID=2217026&lang=1&reg=6
minister,251041,Mahatma Mohandas Gandhi,Head of State | Gandhian Moral Authority | SD,"Mass nationalist leader whose political authority rested on nonviolence, moral legitimacy and social mobilization.",Cabinet service is advanced to the 1933 Lahore Accord state; the custom trait turns the person's documented political strengths into a balanced gameplay effect.,https://www.gandhiheritageportal.org/
leader,251001,Rajendrasinhji Jadeja,"land | max skill 7 | Logistics Wizard, Offensive Doctrine, Panzer Leader | available 1933",2nd Lancers cavalry officer; won the DSO in North Africa after leading an armoured charge at Mechili.,Visibility and senior responsibility are advanced in the independent 1933 officer corps; traits project documented service strengths without using fantasy abilities.,https://www.bharat-rakshak.com/army/personnel/chiefs/shri-rajendrasinhji/
leader,251002,Nathu Singh Rathore,"land | max skill 6 | Defensive Doctrine, Offensive Doctrine | available 1933",Professional Indian Army officer noted for forthright leadership and later high command.,Visibility and senior responsibility are advanced in the independent 1933 officer corps; traits project documented service strengths without using fantasy abilities.,https://picryl.com/media/lt-gen-nathu-singh-rathore-3c055c
leader,251003,S. P. P. Thorat,"land | max skill 7 | Logistics Wizard, Defensive Doctrine, Offensive Doctrine | available 1933","Infantry commander and staff officer with later experience in Burma, frontier security and national-level planning.",Visibility and senior responsibility are advanced in the independent 1933 officer corps; traits project documented service strengths without using fantasy abilities.,https://en.wikipedia.org/wiki/S._P._P._Thorat
leader,251004,Mohan Singh,"land | max skill 6 | Offensive Doctrine, Commando | available 1933",British Indian Army officer who became the first commander of the Indian National Army.,Visibility and senior responsibility are advanced in the independent 1933 officer corps; traits project documented service strengths without using fantasy abilities.,https://en.wikipedia.org/wiki/Mohan_Singh_(general)
leader,251005,Shah Nawaz Khan,"land | max skill 7 | Offensive Doctrine, Trickster, Commando | available 1934",Indian Army officer and senior INA field commander in the Burma and Imphal campaigns.,Visibility and senior responsibility are advanced in the independent 1933 officer corps; traits project documented service strengths without using fantasy abilities.,https://en.wikipedia.org/wiki/Shah_Nawaz_Khan_(general)
leader,251006,Akbar Khan,"land | max skill 7 | Offensive Doctrine, Trickster, Commando | available 1934","Artillery officer, DSO recipient and later operational planner with experience in irregular and mountain warfare.",Visibility and senior responsibility are advanced in the independent 1933 officer corps; traits project documented service strengths without using fantasy abilities.,https://en.wikipedia.org/wiki/Akbar_Khan_(Pakistani_general)
leader,251007,A. A. Rudra,"land | max skill 6 | Logistics Wizard, Engineer | available 1933",Early Indian commissioned officer and infantry commander whose career supports staff and logistics competence.,Visibility and senior responsibility are advanced in the independent 1933 officer corps; traits project documented service strengths without using fantasy abilities.,https://www.bharat-rakshak.com/army/
leader,251008,M. S. Wadalia,"land | max skill 6 | Offensive Doctrine, Commando | available 1934",Indian Army officer used as a plausible early mobile and special-operations cadre in the accelerated national army.,Visibility and senior responsibility are advanced in the independent 1933 officer corps; traits project documented service strengths without using fantasy abilities.,https://www.bharat-rakshak.com/army/
leader,251009,Kalwant Singh,"land | max skill 7 | Defensive Doctrine, Offensive Doctrine | available 1933","Infantry officer with later divisional and Kashmir command experience, supporting offensive and defensive skill.",Visibility and senior responsibility are advanced in the independent 1933 officer corps; traits project documented service strengths without using fantasy abilities.,https://en.wikipedia.org/wiki/Kalwant_Singh
leader,251010,P. P. Kumaramangalam,"land | max skill 7 | Logistics Wizard, Offensive Doctrine | available 1935","Royal Artillery officer, wartime prisoner of war and later Chief of Army Staff with a strong fire-support background.",Visibility and senior responsibility are advanced in the independent 1933 officer corps; traits project documented service strengths without using fantasy abilities.,https://en.wikipedia.org/wiki/P._P._Kumaramangalam
leader,251011,Sam Manekshaw,"land | max skill 8 | Logistics Wizard, Offensive Doctrine, Trickster | available 1935","Staff College graduate, Military Cross recipient in Burma and later field marshal noted for planning and administration.",Visibility and senior responsibility are advanced in the independent 1933 officer corps; traits project documented service strengths without using fantasy abilities.,https://www.bharat-rakshak.com/army/personnel/chiefs/sam-manekshaw/
leader,251012,J. N. Chaudhuri,"land | max skill 7 | Logistics Wizard, Offensive Doctrine, Panzer Leader | available 1934",Armoured-corps and staff officer with Burma experience who later commanded major mobile operations.,Visibility and senior responsibility are advanced in the independent 1933 officer corps; traits project documented service strengths without using fantasy abilities.,https://www.bharat-rakshak.com/army/personnel/chiefs/jn-chaudhuri/
leader,251013,K. M. Chandy,"land | max skill 6 | Defensive Doctrine, Offensive Doctrine | available 1936",Indian Army officer retained as a junior defensive and logistics commander in the expanded alternate roster.,Visibility and senior responsibility are advanced in the independent 1933 officer corps; traits project documented service strengths without using fantasy abilities.,https://www.bharat-rakshak.com/army/
leader,251014,Mohammad Ayub Khan,"land | max skill 7 | Defensive Doctrine, Offensive Doctrine, Trickster | available 1933","British Indian Army officer, Sandhurst graduate and later senior commander with frontier and staff experience.",Visibility and senior responsibility are advanced in the independent 1933 officer corps; traits project documented service strengths without using fantasy abilities.,https://en.wikipedia.org/wiki/Ayub_Khan
leader,251015,J. N. Bhalla,"land | max skill 6 | Logistics Wizard, Engineer | available 1936",Indian Army officer used as a junior engineering and fortification specialist in the accelerated officer corps.,Visibility and senior responsibility are advanced in the independent 1933 officer corps; traits project documented service strengths without using fantasy abilities.,https://www.bharat-rakshak.com/army/
leader,251101,Bhaskar Soman,naval | max skill 7 | Superior Tactician | available 1933,"Royal Indian Navy officer, wartime escort commander and later the second Indian Chief of Naval Staff.",Visibility and senior responsibility are advanced in the independent 1933 officer corps; traits project documented service strengths without using fantasy abilities.,https://www.bharat-rakshak.com/navy/personnel/chiefs/bs-soman/
leader,251102,J. T. G. Pereira,naval | max skill 6 | Superior Tactician | available 1935,Indian naval officer represented as a surface-warfare tactician in the enlarged prewar fleet cadre.,Visibility and senior responsibility are advanced in the independent 1933 officer corps; traits project documented service strengths without using fantasy abilities.,https://www.bharat-rakshak.com/navy/
leader,251103,R. D. Palsokar,naval | max skill 6 | Blockade Runner | available 1935,"Indian naval officer represented as an escort, convoy and blockade-running specialist.",Visibility and senior responsibility are advanced in the independent 1933 officer corps; traits project documented service strengths without using fantasy abilities.,https://www.bharat-rakshak.com/navy/
leader,251104,K. R. Nair,naval | max skill 6 | Spotter | available 1936,Indian naval officer represented as a reconnaissance and fleet-spotting specialist.,Visibility and senior responsibility are advanced in the independent 1933 officer corps; traits project documented service strengths without using fantasy abilities.,https://www.bharat-rakshak.com/navy/
leader,251105,N. Krishnan,"naval | max skill 7 | Superior Tactician, Sea Wolf | available 1934",Distinguished Indian naval officer whose wartime service and later operational writing support tactical and submarine expertise.,Visibility and senior responsibility are advanced in the independent 1933 officer corps; traits project documented service strengths without using fantasy abilities.,https://www.bharat-rakshak.com/navy/books/reviews/book-review-a-sailors-story-vice-adml-n-krishnan/
leader,251106,A. Chakraverti,naval | max skill 6 | Sea Wolf | available 1938,Indian naval officer represented as a submarine and undersea-warfare specialist in the accelerated fleet.,Visibility and senior responsibility are advanced in the independent 1933 officer corps; traits project documented service strengths without using fantasy abilities.,https://www.bharat-rakshak.com/navy/
leader,251201,Karun Krishna Majumdar,"air | max skill 7 | Superior Tactician, Tank Buster | available 1933",Decorated combat pilot and squadron leader noted for aggressive low-level operations in Burma.,Visibility and senior responsibility are advanced in the independent 1933 officer corps; traits project documented service strengths without using fantasy abilities.,https://www.bharat-rakshak.com/iaf/personnel/legends/jumbo-majumdar/
leader,251202,Aspy Merwan Engineer,air | max skill 7 | Superior Tactician | available 1933,"Pioneering Indian aviator, DFC recipient and later Chief of Air Staff with operational and training experience.",Visibility and senior responsibility are advanced in the independent 1933 officer corps; traits project documented service strengths without using fantasy abilities.,https://www.bharat-rakshak.com/iaf/history/ww2/veterans/aspy-engineer/
leader,251203,Mehar Singh,"air | max skill 7 | Superior Tactician, Tank Buster | available 1933","Highly decorated and audacious air commander associated with tactical support, transport and high-risk operations.",Visibility and senior responsibility are advanced in the independent 1933 officer corps; traits project documented service strengths without using fantasy abilities.,https://www.bharat-rakshak.com/iaf/history/ww2/veterans/mehar-singh-legend/
leader,251204,Minoo Merwan Engineer,"air | max skill 7 | Superior Tactician, Fleet Destroyer | available 1935",Royal Indian Air Force pilot represented as a maritime-strike and tactical aviation specialist.,Visibility and senior responsibility are advanced in the independent 1933 officer corps; traits project documented service strengths without using fantasy abilities.,https://www.bharat-rakshak.com/iaf/
leader,251205,Pratap Chandra Lal,air | max skill 7 | Superior Tactician | available 1937,Wartime pilot and later Chief of Air Staff noted for operational command and institutional competence.,Visibility and senior responsibility are advanced in the independent 1933 officer corps; traits project documented service strengths without using fantasy abilities.,https://www.bharat-rakshak.com/iaf/personnel/chiefs/pratap-chandra-lal/
leader,251206,Om Prakash Mehra,"air | max skill 6 | Superior Tactician, Spotter | available 1938",Indian air officer whose later senior commands support tactical awareness and reconnaissance traits.,Visibility and senior responsibility are advanced in the independent 1933 officer corps; traits project documented service strengths without using fantasy abilities.,https://en.wikipedia.org/wiki/Om_Prakash_Mehra
leader,251207,Idris Latif,"air | max skill 7 | Superior Tactician, Night Flyer | available 1942","Indian air officer with later fighter, training and senior command experience, represented as a night-operations specialist.",Visibility and senior responsibility are advanced in the independent 1933 officer corps; traits project documented service strengths without using fantasy abilities.,https://en.wikipedia.org/wiki/Idris_Hasan_Latif
leader,251208,Ranjan Dutt,air | max skill 6 | Superior Tactician | available 1939,Royal Indian Air Force pilot represented as a junior tactical air commander in the wartime expansion.,Visibility and senior responsibility are advanced in the independent 1933 officer corps; traits project documented service strengths without using fantasy abilities.,https://www.bharat-rakshak.com/iaf/
tech_team,250001,Indian Government Railways,"skill 6 | mechanics, industrial_engineering, management, technical_efficiency | available 1930",The subcontinent possessed one of the world's largest rail systems and extensive engineering workshops.,Historical capability is consolidated and accelerated by independence; research breadth is expanded to cover the alternate state's strategic programme.,https://indianrailways.gov.in/railwayboard/uploads/directorate/heritage/History%20of%20IR-%20English.pdf
tech_team,250002,Tata Iron and Steel Company,"skill 7 | industrial_engineering, technical_efficiency, chemistry, management | available 1930",TISCO had produced steel at Jamshedpur since 1912 and supplied rails and strategic metal.,Historical capability is consolidated and accelerated by independence; research breadth is expanded to cover the alternate state's strategic programme.,https://www.tatasteel.com/corporate/our-organisation/history-of-tata-steel/
tech_team,250003,Indian Association for Cultivation of Science,"skill 7 | mathematics, chemistry, nuclear_physics | available 1930",Founded in 1876; home to major Indian work in physics and chemistry including Raman's research.,Historical capability is consolidated and accelerated by independence; research breadth is expanded to cover the alternate state's strategic programme.,https://iacs.res.in/maincontroller.php?navid=12
tech_team,250004,Military Engineering Services,"skill 6 | management, general_equipment, mechanics, technical_efficiency, vehicle_engineering | available 1930","The established military engineering organization provided construction, fortification and technical services.",Historical capability is consolidated and accelerated by independence; research breadth is expanded to cover the alternate state's strategic programme.,https://mes.gov.in/
tech_team,250005,Indian Ordnance Factories,"skill 6 | mechanics, munitions, artillery, general_equipment | available 1930",India's ordnance-factory lineage predates the nineteenth century and included major arsenals and production plants.,Historical capability is consolidated and accelerated by independence; research breadth is expanded to cover the alternate state's strategic programme.,https://ddpdoo.gov.in/pages/history
tech_team,250006,Garden Reach Workshop,"skill 5 | naval_engineering, general_equipment, technical_efficiency, submarine_design | available 1930",Garden Reach's Calcutta shipbuilding lineage dates to the nineteenth century.,Historical capability is consolidated and accelerated by independence; research breadth is expanded to cover the alternate state's strategic programme.,https://www.grse.in/history/
tech_team,250007,Mazagon Dock Limited,"skill 5 | naval_engineering, naval_artillery, technical_efficiency | available 1930",Bombay's Mazagon shipyard had a long commercial and naval construction history.,Historical capability is consolidated and accelerated by independence; research breadth is expanded to cover the alternate state's strategic programme.,https://mazagondock.in/English/pages/history
tech_team,250008,J. R. D. Tata,"skill 6 | aeronautics, industrial_engineering, technical_efficiency, management, aircraft_testing, fighter_design, bomber_design, avionics | available 1930",Aviation pioneer who flew India's first commercial airmail service in 1932 and built Tata aviation enterprises.,Historical capability is consolidated and accelerated by independence; research breadth is expanded to cover the alternate state's strategic programme.,https://www.tata.com/newsroom/heritage/jrd-tata-father-indian-aviation
tech_team,250009,Indian Academy of Sciences,"skill 7 | mathematics, chemistry, electronics, mechanics | available 1930",Founded in Bangalore in 1934 under C. V. Raman to advance scientific research.,Historical capability is consolidated and accelerated by independence; research breadth is expanded to cover the alternate state's strategic programme.,https://www.ias.ac.in/About_IASc/History
tech_team,250010,K. M. Cariappa,"skill 6 | centralized_execution, large_unit_tactics, training, combined_arms_focus | available 1930",Professional staff officer and later first Indian Commander-in-Chief.,Historical capability is consolidated and accelerated by independence; the institution is deliberately founded earlier than in real history.,https://www.pib.gov.in/PressReleasePage.aspx?PRID=2213933&lang=1&reg=1
tech_team,250011,Frank Messervy,"skill 5 | decentralized_execution, small_unit_tactics, combined_arms_focus, infantry_focus, individual_courage, mountain_training | available 1930",Armoured officer and wartime commander with combined-arms and frontier experience.,Historical capability is consolidated and accelerated by independence; research breadth is expanded to cover the alternate state's strategic programme.,https://en.wikipedia.org/wiki/Frank_Messervy
tech_team,250012,Aspy Merwan Engineer,"skill 5 | bomber_tactics, training, piloting, centralized_execution | available 1930","Pioneering Indian military aviator with combat, training and senior command experience.",Historical capability is consolidated and accelerated by independence; research breadth is expanded to cover the alternate state's strategic programme.,https://www.bharat-rakshak.com/iaf/history/ww2/veterans/aspy-engineer/
tech_team,250013,Hindustan Aircraft Limited,"skill 7 | bomber_design, aeronautics, aircraft_testing, fighter_design, avionics | available 1930",HAL was founded at Bangalore in 1940 as India's principal aircraft manufacturer.,Historical capability is consolidated and accelerated by independence; the institution is deliberately founded earlier than in real history.,https://hal-india.co.in/backend/wp-content/uploads/2022/12/HAL-Heritage-Centre.pdf
tech_team,250014,National Planning Commission,"skill 8 | industrial_engineering, management, technical_efficiency, mathematics | available 1930",Based on the Congress National Planning Committee created in 1938 under Nehru.,Historical capability is consolidated and accelerated by independence; the institution is deliberately founded earlier than in real history.,https://nehruarchive.in/documents/national-planning-committee-29-november-1938-z56o8
tech_team,250015,Defence Science Organisation,"skill 8 | munitions, mechanics, artillery, general_equipment, electronics | available 1930",Based on India's post-independence Defence Science Organisation and wartime technical-development needs.,Historical capability is consolidated and accelerated by independence; the institution is deliberately founded earlier than in real history.,https://www.drdo.gov.in/drdo/about-drdo
tech_team,250016,Atomic Research Directorate,"skill 8 | nuclear_physics, nuclear_engineering, mathematics, chemistry | available 1930",Builds on the prewar work of Saha and Bhabha and India's later organized atomic programme.,Historical capability is consolidated and accelerated by independence; the institution is deliberately founded earlier than in real history.,https://dae.gov.in/history/
tech_team,250017,Bharat Electronics Directorate,"skill 8 | electronics, management, technical_efficiency, mechanics | available 1930","Based on the later Bharat Electronics institution and prewar radio, valve and signals capability.",Historical capability is consolidated and accelerated by independence; the institution is deliberately founded earlier than in real history.,https://bel-india.in/history/
tech_team,250018,Indian Naval Design Bureau,"skill 7 | naval_training, small_taskforce_tactics, seamanship, naval_engineering, carrier_tactics | available 1930",Based on the later indigenous Directorate of Naval Design and established dockyard engineering.,Historical capability is consolidated and accelerated by independence; the institution is deliberately founded earlier than in real history.,https://www.indiannavy.nic.in/content/directorate-naval-design
tech_team,250019,Armoured Forces Centre,"skill 7 | combined_arms_focus, small_unit_tactics, mechanics, training | available 1930",Builds on Indian cavalry mechanization and the later Armoured Corps Centre at Ahmednagar.,Historical capability is consolidated and accelerated by independence; the institution is deliberately founded earlier than in real history.,https://www.bharat-rakshak.com/army/units/armoured-corps/
tech_team,250020,Indian Strategic Air Command,"skill 7 | bomber_tactics, centralized_execution, piloting, aircraft_testing | available 1930","A counterfactual wartime command assembled from the Royal Indian Air Force's bomber, transport and maritime roles.",Historical capability is consolidated and accelerated by independence; the institution is deliberately founded earlier than in real history.,https://www.bharat-rakshak.com/iaf/history/ww2/
tech_team,250021,Directorate of Naval Construction,"skill 8 | carrier_design, naval_engineering, technical_efficiency, naval_artillery, mechanics | available 1933",Projects indigenous ship design and dockyard capacity into a centralized prewar construction directorate.,Historical capability is consolidated and accelerated by independence; research breadth is expanded to cover the alternate state's strategic programme.,https://www.indiannavy.nic.in/content/directorate-naval-design
tech_team,250022,Indian Naval Air Arm,"skill 7 | carrier_tactics, aeronautics, aircraft_testing, piloting, naval_training | available 1933","Based on India's later Fleet Air Arm, brought forward to support the alternate carrier programme.",Historical capability is consolidated and accelerated by independence; the institution is deliberately founded earlier than in real history.,https://www.indiannavy.nic.in/content/naval-aviation
tech_team,250023,Indian Fleet Tactical School,"skill 7 | large_taskforce_tactics, small_taskforce_tactics, naval_training, seamanship, carrier_tactics, marine_training | available 1933","Counterfactual war college drawing on Royal Indian Navy staff, signals and convoy experience.",Historical capability is consolidated and accelerated by independence; the institution is deliberately founded earlier than in real history.,https://www.bharat-rakshak.com/navy/history/
tech_team,250024,Submarine Warfare School,"skill 6 | submarine_tactics, small_taskforce_tactics, seamanship, naval_training, electronics, submarine_design | available 1933",Counterfactual prewar school based on India's later submarine arm and dockyard engineering base.,Historical capability is consolidated and accelerated by independence; the institution is deliberately founded earlier than in real history.,https://www.indiannavy.nic.in/content/submarine-arm
tech_team,250025,Indian Air Staff College,"skill 8 | fighter_tactics, bomber_tactics, piloting, centralized_execution, training, airborne_training | available 1933",Based on the later Defence Services Staff College and the rapid wartime expansion of Indian air training.,Historical capability is consolidated and accelerated by independence; the institution is deliberately founded earlier than in real history.,https://www.dssc.gov.in/
tech_team,250026,Mechanised Warfare Directorate,"skill 8 | vehicle_engineering, mechanics, combined_arms_focus, training, technical_efficiency, maneuver_tactics, blitzkrieg_tactics | available 1933",Accelerates the historical mechanization of Indian cavalry and wartime armoured formations.,Historical capability is consolidated and accelerated by independence; research breadth is expanded to cover the alternate state's strategic programme.,https://www.bharat-rakshak.com/army/units/armoured-corps/
tech_team,250027,Indian General Staff College,"skill 8 | large_unit_tactics, small_unit_tactics, combined_arms_focus, training, decentralized_execution, infantry_focus, mountain_training, maneuver_tactics | available 1933",The Command and Staff College at Quetta trained Indian and British officers from the early twentieth century.,Historical capability is consolidated and accelerated by independence; research breadth is expanded to cover the alternate state's strategic programme.,https://en.wikipedia.org/wiki/Command_and_Staff_College
tech_team,250028,Aeronautics and Rocket Centre,"skill 8 | rocketry, aeronautics, mathematics, electronics, chemistry | available 1938",Counterfactual centre combining IISc aeronautics with early international liquid-rocket science.,Historical capability is consolidated and accelerated by independence; the institution is deliberately founded earlier than in real history.,https://iisc.ac.in/about/general-information/history/
tech_team,250029,Atomic Energy Commission,"skill 9 | nuclear_physics, nuclear_engineering, mathematics, chemistry, management | available 1944",India's Atomic Energy Commission was created in 1948 under Homi Bhabha.,Historical capability is consolidated and accelerated by independence; research breadth is expanded to cover the alternate state's strategic programme.,https://dae.gov.in/history/
tech_team,250030,Indian Ocean Signals Bureau,"skill 7 | electronics, mathematics, naval_training, technical_efficiency, management | available 1935","Counterfactual bureau grounded in wartime naval wireless, direction finding and Indian signals personnel.",Historical capability is consolidated and accelerated by independence; the institution is deliberately founded earlier than in real history.,https://www.bharat-rakshak.com/navy/history/
tech_team,250031,Bengal Chemicals and Pharmaceuticals,"skill 5 | medicine, chemistry, industrial_engineering, management | available 1930",Founded by P. C. Ray; a major indigenous chemical and pharmaceutical enterprise from the early twentieth century.,Historical capability is consolidated and accelerated by independence; research breadth is expanded to cover the alternate state's strategic programme.,https://bengalchemicals.co.in/our-history/
