Name;ID;Country;Rank 3 Year;Rank 2 Year;Rank 1 Year;Rank 0 Year;Ideal Rank;Max Skill;Traits;Skill;Experience;Loyalty;Type;Picture;Start Year;End Year;Retirement Year;x
Ahsan;250001;IND;1945;1990;1990;1990;3;3;256;1;0;5;0;L505000;1945;1960;1999;x
Bahadur Kohoon of Jaisalmer;250006;IND;1930;1930;1990;1990;2;2;3;1;0;5;0;L505006;1930;1939;1999;x
Bahadur Aly of Patiala;250007;IND;1930;1990;1990;1990;3;2;3;1;0;5;0;L505007;1930;1944;1999;x
Bhutbapool;250015;IND;1930;1990;1990;1990;3;2;3;1;0;5;0;L505015;1930;1942;1999;x
K. M. Cariappa;250021;IND;1933;1933;1939;1944;0;8;3;4;0;5;0;L505021;1933;1960;1999;x
Dhawara;250031;IND;1930;1990;1990;1990;3;3;32;1;0;5;0;L505032;1930;1942;1999;x
Madhani;250052;IND;1930;1990;1990;1990;3;2;3;1;0;5;0;L505054;1930;1943;1999;x
Mukerjee;250060;IND;1945;1990;1990;1990;3;3;256;1;0;5;0;L505062;1945;1960;1999;x
Muhammad Musa;250061;IND;1938;1942;1947;1953;2;6;3;3;0;5;0;L505063;1938;1960;1999;x
Nabob Kureishi of Bhawalapur;250062;IND;1941;1943;1990;1990;2;2;0;1;0;4;0;L505064;1941;1960;1999;x
Sikhand;250066;IND;1942;1990;1990;1990;3;4;256;1;0;5;0;L505071;1942;1960;1999;x
Somerset;250069;IND;1939;1990;1990;1990;3;3;3;1;0;5;0;L1284;1939;1940;1999;x
S. M. Shrinagesh;250070;IND;1933;1933;1941;1947;1;7;3;4;0;5;0;L505075;1933;1960;1999;x
K. S. Thimayya;250074;IND;1933;1933;1940;1946;1;8;276;4;0;5;0;L505079;1933;1960;1999;x
A. K. Chatterji;250084;IND;1935;1939;1944;1950;1;7;4096;3;0;5;1;L505090;1935;1960;1999;x
Choudri;250085;IND;1937;1941;1946;1990;2;4;0;2;0;5;1;L505091;1937;1960;1999;x
Ram Dass Katari;250089;IND;1933;1937;1942;1948;1;7;4096;3;0;5;1;INDM_KATARI;1933;1960;1999;x
Harinder Singh;250093;IND;1937;1941;1946;1990;2;4;0;2;0;5;1;L505099;1937;1960;1999;x
S. M. Nanda;250100;IND;1938;1942;1947;1953;2;6;4096;3;0;5;1;L505106;1938;1960;1999;x
S. M. Ahsan;250113;IND;1936;1940;1945;1951;2;6;1024;3;0;5;1;L505000;1936;1960;1999;x
Alam;250114;IND;1937;1941;1946;1990;2;5;4096;1;0;5;2;L505123;1937;1960;1999;x
Ali Mir;250115;IND;1935;1939;1944;1990;2;4;0;1;0;5;2;L505124;1935;1960;1999;x
Arjan Singh;250117;IND;1939;1943;1948;1990;2;8;69632;3;0;5;2;L505126;1939;1960;1999;x
Darshan Singh;250125;IND;1935;1939;1944;1990;2;5;32768;2;0;5;2;L505135;1935;1960;1999;x
Dewan;250126;IND;1938;1942;1947;1990;2;4;4096;1;0;5;2;L505136;1938;1960;1999;x
H. M. Moolgavkar;250137;IND;1939;1943;1948;1954;2;7;4096;3;0;5;2;L505148;1939;1960;1999;x
Subroto Mukerjee;250138;IND;1933;1937;1942;1948;1;8;4096;4;0;5;2;INDM_MUKERJEE;1933;1960;1999;x
Narendra;250139;IND;1937;1941;1946;1990;2;4;0;1;0;5;2;L505150;1937;1960;1999;x
Rafiqui;250140;IND;1938;1942;1946;1990;2;5;4096;2;0;5;2;L505151;1938;1960;1999;x
Sowrey;250142;IND;1933;1937;1942;1990;2;4;0;2;0;5;2;L1481;1933;1948;1999;x
Ahmad Ali of Malerjotla;250144;IND;1930;1990;1990;1990;3;3;3;1;0;5;0;L505178;1930;1946;1999;x
Ali Jah of Gwalior;250145;IND;1930;1940;1990;1990;2;6;64;1;0;5;0;L505179;1930;1960;1999;x
Anandrao IV. of Dhar;250146;IND;1930;1990;1990;1990;3;3;3;1;0;5;0;L505180;1930;1943;1999;x
Badur of Bharatpur;250147;IND;1938;1990;1990;1990;3;3;3;1;0;5;0;L505181;1938;1960;1999;x
Bhupindher Singh of Patiala;250148;IND;1930;1930;1990;1990;2;3;0;1;0;5;0;L505182;1930;1938;1999;x
Brijendra of Bharatpur;250149;IND;1930;1990;1990;1990;3;3;3;1;0;5;0;L505183;1930;1939;1999;x
Deb Barman of Tripura;250150;IND;1930;1990;1990;1990;3;3;3;1;0;5;0;L505184;1930;1960;1999;x
Desai of Savantwadi;250151;IND;1930;1990;1990;1990;3;6;513;1;0;5;0;L505185;1930;1960;1999;x
Digvijaysinhji of Nawanagar;250152;IND;1930;1930;1990;1990;2;4;0;1;0;5;0;L505186;1930;1960;1999;x
Fakhr of Jaora;250153;IND;1930;1990;1990;1990;3;3;3;1;0;5;0;L505187;1930;1960;1999;x
Farzand of Baroda;250154;IND;1930;1990;1990;1990;3;4;1;1;0;5;0;L505188;1930;1960;1999;x
H.E.H. Rustam of Hyderabad;250155;IND;1930;1930;1930;1990;1;3;0;1;0;5;0;L505189;1930;1945;1999;x
Himatsinhji of Idar;250156;IND;1930;1990;1990;1990;3;2;3;1;0;5;0;L505190;1930;1941;1999;x
Jagatdipredra of Cooch Bihar;250157;IND;1930;1990;1990;1990;3;3;3;1;0;5;0;L505191;1930;1960;1999;x
Jagatjit Singh of Kapurthala;250158;IND;1930;1990;1990;1990;3;4;3;1;0;5;0;L505192;1930;1960;1999;x
Kshatriya of Dewas;250159;IND;1930;1990;1990;1990;3;2;3;1;0;5;0;L505193;1930;1943;1999;x
Mirza III. of Cutch;250160;IND;1930;1990;1990;1990;3;3;3;1;0;5;0;L505194;1930;1942;1999;x
Mirza IV. of Cutch;250161;IND;1942;1990;1990;1990;3;3;32;1;0;5;0;L505195;1942;1960;1999;x
Mustaid Jang of Rampur;250162;IND;1939;1990;1990;1990;3;4;3;1;0;5;0;L505196;1939;1960;1999;x
Rajaram II of Kolhapur;250163;IND;1930;1990;1990;1990;3;4;16;1;0;5;0;L505197;1930;1940;1999;x
Rama Varma II of Travancore;250164;IND;1930;1990;1990;1990;3;4;4;1;0;5;0;L505198;1930;1960;1999;x
Rishi of Alwar;250165;IND;1945;1990;1990;1990;3;4;8;1;0;5;0;L505199;1945;1960;1999;x
Sawai of Alwar;250166;IND;1930;1990;1990;1990;3;2;3;1;0;5;0;L505200;1930;1938;1999;x
Shabeg Singh;250167;IND;1942;1944;1947;1990;1;6;261;3;0;5;0;L505201;1942;1960;1999;x
Sidi of Sachin;250168;IND;1930;1990;1990;1990;3;3;16;1;0;5;0;L505202;1930;1960;1999;x
Sikhander of Bhopal;250169;IND;1930;1990;1990;1990;3;4;64;1;0;5;0;L505203;1930;1990;1999;x
Tukorijao III. of Dewas;250170;IND;1930;1990;1990;1990;3;3;3;1;0;5;0;L505204;1930;1938;1999;x
Umaid of Jodhpur;250171;IND;1930;1930;1990;1990;2;5;64;1;0;5;0;L505205;1930;1947;1999;x
Wodeyar IV. of Mysore;250172;IND;1930;1990;1990;1990;3;3;3;1;0;5;0;L505206;1930;1940;1999;x
Wodeyar V. of Mysore;250173;IND;1940;1990;1990;1990;3;3;3;1;0;5;0;L505207;1940;1960;1999;x
Yadavindra Singh of Patiala;250174;IND;1938;1943;1990;1990;2;4;0;1;0;5;0;L505208;1938;1960;1999;x
Zubdat of Palanpur;250175;IND;1930;1990;1990;1990;3;3;3;1;0;5;0;L505209;1930;1960;1999;x
Raol III of Bhavnagar;250176;IND;1930;1990;1990;1990;3;4;8192;0;0;5;1;L505210;1930;1960;1999;x
Hanwanth of Jodhpur;250177;IND;1938;1990;1990;1990;3;4;4096;0;0;5;2;L505211;1938;1960;1999;x
Kishore of Tripura;250178;IND;1942;1990;1990;1990;3;3;0;0;0;5;2;L505212;1942;1960;1999;x
Rajendrasinhji Jadeja;251001;IND;1933;1933;1939;1945;1;7;69;4;0;5;0;INDL251001;1933;1960;1999;x
Nathu Singh Rathore;251002;IND;1933;1933;1943;1949;1;6;6;3;0;5;0;INDL251002;1933;1960;1999;x
S. P. P. Thorat;251003;IND;1933;1933;1942;1948;1;7;7;3;0;5;0;INDL251003;1933;1960;1999;x
Mohan Singh;251004;IND;1933;1933;1942;1948;1;6;388;3;0;5;0;INDL251004;1933;1960;1999;x
Shah Nawaz Khan;251005;IND;1934;1938;1943;1949;1;7;404;3;0;5;0;INDL251005;1934;1960;1999;x
Akbar Khan;251006;IND;1934;1938;1943;1949;1;7;404;3;0;5;0;INDL251006;1934;1960;1999;x
A. A. Rudra;251007;IND;1933;1933;1942;1948;1;6;33;3;0;5;0;INDL251007;1933;1958;1999;x
M. S. Wadalia;251008;IND;1934;1938;1943;1949;1;6;132;3;0;5;0;INDL251008;1934;1960;1999;x
Kalwant Singh;251009;IND;1933;1933;1942;1948;1;7;6;3;0;5;0;INDL251009;1933;1960;1999;x
P. P. Kumaramangalam;251010;IND;1935;1939;1944;1950;1;7;5;3;0;5;0;INDL251010;1935;1960;1999;x
Sam Manekshaw;251011;IND;1935;1939;1944;1950;1;8;21;3;0;5;0;INDL251011;1935;1960;1999;x
J. N. Chaudhuri;251012;IND;1934;1938;1943;1949;1;7;69;3;0;5;0;INDL251012;1934;1960;1999;x
K. M. Chandy;251013;IND;1936;1940;1945;1951;1;6;6;3;0;5;0;INDL251013;1936;1960;1999;x
Mohammad Ayub Khan;251014;IND;1933;1933;1942;1948;1;7;22;3;0;5;0;INDL251014;1933;1960;1999;x
J. N. Bhalla;251015;IND;1936;1940;1945;1951;1;6;33;3;0;5;0;INDL251015;1936;1960;1999;x
P. N. Thapar;251016;IND;1933;1937;1943;1950;1;6;3;2;0;5;0;INDL251016;1933;1960;1999;x
J. K. Bhonsle;251017;IND;1933;1937;1942;1948;1;6;5;3;0;5;0;INDL251017;1933;1960;1999;x
Mohammad Zaman Kiani;251018;IND;1934;1939;1944;1950;1;6;276;2;0;5;0;unknownleader;1934;1960;1999;x
Iftikhar Khan;251019;IND;1933;1938;1943;1949;1;7;129;3;0;5;0;unknownleader;1933;1960;1999;x
Habibullah Khan Khattak;251020;IND;1933;1938;1943;1949;1;6;3;2;0;5;0;unknownleader;1933;1960;1999;x
Mohammad Usman;251021;IND;1935;1940;1945;1951;1;7;6;3;0;5;0;unknownleader;1935;1960;1999;x
Gurbaksh Singh Dhillon;251022;IND;1936;1941;1946;1952;1;6;292;2;0;5;0;unknownleader;1936;1960;1999;x
Prem Kumar Sahgal;251023;IND;1937;1942;1947;1953;1;6;261;2;0;5;0;unknownleader;1937;1960;1999;x
Premindra Singh Bhagat;251024;IND;1940;1943;1948;1954;1;8;36;3;0;5;0;INDL251024;1940;1960;1999;x
B. M. Kaul;251025;IND;1935;1940;1946;1952;2;4;1;2;0;5;0;unknownleader;1935;1960;1999;x
Harbaksh Singh;251026;IND;1935;1939;1944;1950;1;8;7;3;0;5;0;L1004;1935;1960;1999;x
K. P. Candeth;251027;IND;1936;1940;1945;1951;1;7;68;3;0;5;0;L1013;1936;1960;1999;x
S. P. Sen;251028;IND;1933;1937;1942;1948;1;7;5;3;0;5;0;L1016;1933;1960;1999;x
N. C. Rawlley;251029;IND;1933;1937;1942;1948;1;7;19;3;0;5;0;L1021;1933;1960;1999;x
Daulat Singh;251030;IND;1933;1937;1942;1948;1;7;129;3;0;5;0;L1023;1933;1960;1999;x
P. S. Gyani;251031;IND;1933;1937;1942;1948;1;7;35;3;0;5;0;L1029;1933;1960;1999;x
B. K. N. Chhibber;251032;IND;1935;1939;1944;1950;1;6;6;3;0;5;0;L1034;1935;1960;1999;x
T. N. Raina;251033;IND;1938;1942;1947;1953;1;8;22;2;0;5;0;L1039;1938;1960;1999;x
G. G. Bewoor;251034;IND;1937;1941;1946;1952;1;7;3;3;0;5;0;L1046;1937;1960;1999;x
J. S. Aurora;251035;IND;1938;1942;1947;1953;1;8;13;2;0;5;0;L1047;1938;1960;1999;x
J. F. R. Jacob;251036;IND;1939;1943;1948;1954;1;8;36;2;0;5;0;L1051;1939;1960;1999;x
Joginder Singh Dhillon;251037;IND;1936;1940;1945;1951;1;7;37;3;0;5;0;L1067;1936;1960;1999;x
Sagat Singh;251038;IND;1939;1943;1948;1954;1;9;268;2;0;5;0;L1070;1939;1960;1999;x
Inderjit Singh Gill;251039;IND;1936;1940;1945;1951;1;7;296;2;0;5;0;L1074;1936;1960;1999;x
A. O. Mitha;251040;IND;1939;1943;1948;1954;1;8;296;2;0;5;0;L1077;1939;1960;1999;x
Z. C. Bakshi;251041;IND;1940;1944;1949;1955;1;7;276;2;0;5;0;L1094;1940;1960;1999;x
M. A. G. Osmani;251042;IND;1938;1942;1947;1953;1;7;5;2;0;5;0;L1097;1938;1960;1999;x
Muhammad Azam Khan;251043;IND;1933;1937;1942;1948;1;7;3;3;0;5;0;L1104;1933;1960;1999;x
Atiqur Rahman;251044;IND;1933;1937;1942;1948;1;7;19;3;0;5;0;L1106;1933;1960;1999;x
Yahya Khan;251045;IND;1938;1942;1947;1953;1;7;140;2;0;5;0;L1111;1938;1960;1999;x
Tikka Khan;251046;IND;1939;1943;1948;1954;1;6;68;2;0;5;0;L1118;1939;1960;1999;x
Gul Hassan Khan;251047;IND;1940;1944;1949;1955;1;7;140;2;0;5;0;L1122;1940;1960;1999;x
Khwaja Wasiuddin;251048;IND;1939;1943;1948;1954;1;6;3;2;0;5;0;L1128;1939;1960;1999;x
A. A. K. Niazi;251049;IND;1940;1944;1949;1955;1;6;12;2;0;5;0;L1134;1940;1960;1999;x
K. S. Katoch;251050;IND;1934;1938;1943;1949;1;7;20;3;0;5;0;L1135;1934;1960;1999;x
Gurbaksh Singh;251051;IND;1933;1937;1942;1948;1;6;261;3;0;5;0;L1144;1933;1960;1999;x
Rajinder Singh Sparrow;251052;IND;1938;1942;1947;1953;1;8;140;3;0;5;0;L1157;1938;1960;1999;x
Hira Lal Atal;251053;IND;1933;1937;1942;1948;1;6;3;3;0;5;0;L1164;1933;1960;1999;x
O. P. Malhotra;251054;IND;1939;1943;1948;1954;1;7;37;2;0;5;0;L1178;1939;1960;1999;x
K. V. Krishna Rao;251055;IND;1940;1944;1949;1955;1;7;5;2;0;5;0;L1195;1940;1960;1999;x
S. K. Sinha;251056;IND;1940;1944;1949;1955;1;7;3;2;0;5;0;L1200;1940;1960;1999;x
Bhaskar Soman;251101;IND;1933;1937;1942;1948;1;7;4096;3;0;5;1;INDL251101;1933;1960;1999;x
J. T. G. Pereira;251102;IND;1935;1939;1944;1950;1;6;4096;3;0;5;1;INDL251102;1935;1960;1999;x
R. D. Palsokar;251103;IND;1935;1939;1944;1950;1;6;1024;3;0;5;1;INDL251103;1935;1960;1999;x
K. R. Nair;251104;IND;1936;1940;1945;1951;1;6;2048;3;0;5;1;INDL251104;1936;1960;1999;x
N. Krishnan;251105;IND;1934;1938;1943;1949;1;7;12288;3;0;5;1;INDL251105;1934;1960;1999;x
A. Chakraverti;251106;IND;1938;1942;1947;1953;1;6;8192;2;0;5;1;INDL251106;1938;1960;1999;x
S. G. Karmarkar;251107;IND;1933;1938;1943;1949;1;6;10240;3;0;5;1;unknownleader;1933;1960;1999;x
Jal Cursetji;251108;IND;1939;1943;1948;1954;1;7;12288;2;0;5;1;unknownleader;1939;1960;1999;x
Karun Krishna Majumdar;251201;IND;1933;1937;1942;1948;1;7;20480;3;0;5;2;INDL251201;1933;1960;1999;x
Aspy Merwan Engineer;251202;IND;1933;1937;1942;1948;1;7;4096;3;0;5;2;INDL251202;1933;1960;1999;x
Mehar Singh;251203;IND;1933;1937;1942;1948;1;7;20480;3;0;5;2;INDL251203;1933;1960;1999;x
Minoo Merwan Engineer;251204;IND;1935;1939;1944;1950;1;7;135168;3;0;5;2;INDL251204;1935;1960;1999;x
Pratap Chandra Lal;251205;IND;1937;1941;1946;1952;1;7;4096;3;0;5;2;INDL251205;1937;1960;1999;x
Om Prakash Mehra;251206;IND;1938;1942;1947;1953;1;6;12288;2;0;5;2;INDL251206;1938;1960;1999;x
Idris Latif;251207;IND;1942;1946;1951;1957;1;7;69632;2;0;5;2;INDL251207;1942;1960;1999;x
Ranjan Dutt;251208;IND;1939;1943;1948;1954;1;6;4096;2;0;5;2;INDL251208;1939;1960;1999;x
Aditya Ahluwalia (R);252000;IND;1933;1936;1937;1942;2;6;5;3;0;5;0;aubm_reserve_01;1933;1964;1999;x
Ajit Bose (R);252001;IND;1933;1933;1990;1990;2;5;34;2;0;5;0;aubm_c1_reserve_09;1933;1964;1999;x
Amar Engineer (R);252002;IND;1933;1933;1990;1990;2;5;10;2;0;5;0;aubm_reserve_02;1933;1964;1999;x
Anand Kohli (R);252003;IND;1933;1933;1990;1990;2;6;132;3;0;5;0;aubm_c1_reserve_10;1933;1964;1999;x
Arjun Mistry (R);252004;IND;1933;1936;1990;1990;2;5;288;2;0;5;0;aubm_reserve_03;1933;1964;1999;x
Baldev Raina (R);252005;IND;1933;1933;1990;1990;2;5;4194560;2;0;5;0;aubm_c1_reserve_11;1933;1964;1999;x
Bikram Saran (R);252006;IND;1933;1933;1990;1990;2;6;524292;3;0;5;0;aubm_reserve_04;1933;1964;1999;x
Chandra Vohra (R);252007;IND;1933;1933;1990;1990;2;5;8388640;2;0;5;0;aubm_c1_reserve_12;1933;1964;1999;x
Darshan Iyengar (R);252008;IND;1933;1936;1937;1990;2;5;68;2;0;5;0;aubm_reserve_05;1933;1964;1999;x
Devraj Banerjee (R);252009;IND;1933;1933;1990;1990;2;6;262145;3;0;5;0;aubm_reserve_06;1933;1964;1999;x
Dhirendra Dalvi (R);252010;IND;1933;1933;1990;1990;2;5;2097154;2;0;5;0;aubm_reserve_07;1933;1964;1999;x
Gopal Jaffrey (R);252011;IND;1933;1933;1990;1990;2;5;129;2;0;5;0;aubm_reserve_08;1933;1964;1999;x
Harbaksh Malhotra (R);252012;IND;1933;1936;1990;1990;2;6;5;3;0;5;0;aubm_reserve_09;1933;1964;1999;x
Harinder Narang (R);252013;IND;1933;1933;1990;1990;2;5;34;2;0;5;0;aubm_reserve_10;1933;1964;1999;x
Harish Sabharwal (R);252014;IND;1933;1933;1990;1990;2;5;10;2;0;5;0;aubm_reserve_11;1933;1964;1999;x
Jagat Siddiqi (R);252015;IND;1933;1933;1990;1990;2;6;132;3;0;5;0;aubm_reserve_12;1933;1964;1999;x
Karan Zaman (R);252016;IND;1933;1936;1937;1990;2;5;288;2;0;5;0;aubm_reserve_13;1933;1964;1999;x
Keshav Puri (R);252017;IND;1933;1933;1990;1990;2;5;4194560;2;0;5;0;aubm_reserve_14;1933;1964;1999;x
Kripal Bhalla (R);252018;IND;1933;1933;1990;1990;2;6;524292;3;0;5;0;aubm_reserve_15;1933;1964;1999;x
Madhav Dhillon (R);252019;IND;1933;1933;1990;1990;2;5;8388640;2;0;5;0;aubm_reserve_16;1933;1964;1999;x
Mahendra Khanna (R);252020;IND;1933;1936;1990;1942;2;5;68;2;0;5;0;aubm_reserve_17;1933;1964;1999;x
Manek Menon (R);252021;IND;1933;1933;1990;1990;2;6;262145;3;0;5;0;aubm_reserve_18;1933;1964;1999;x
Mohan Qureshi (R);252022;IND;1933;1933;1990;1990;2;5;2097154;2;0;5;0;aubm_reserve_19;1933;1964;1999;x
Nalin Sapru (R);252023;IND;1933;1933;1990;1990;2;5;129;2;0;5;0;aubm_reserve_20;1933;1964;1999;x
Naresh Talwar (R);252024;IND;1933;1936;1937;1990;2;6;5;3;0;5;0;aubm_reserve_21;1933;1964;1999;x
Pratap Haksar (R);252025;IND;1933;1933;1990;1990;2;5;34;2;0;5;0;aubm_reserve_22;1933;1964;1999;x
Rajendra Bakshi (R);252026;IND;1933;1933;1990;1990;2;5;10;2;0;5;0;aubm_reserve_23;1933;1964;1999;x
Ranjit Chaudhuri (R);252027;IND;1933;1933;1990;1990;2;6;132;3;0;5;0;aubm_reserve_24;1933;1964;1999;x
Raghbir Gill (R);252028;IND;1933;1936;1990;1990;2;5;288;2;0;5;0;aubm_reserve_01;1933;1964;1999;x
Samar Majumdar (R);252029;IND;1933;1933;1990;1990;2;5;4194560;2;0;5;0;aubm_c1_reserve_09;1933;1964;1999;x
Shankar Nanda (R);252030;IND;1933;1933;1990;1990;2;6;524292;3;0;5;0;aubm_reserve_02;1933;1964;1999;x
Surendra Reddy (R);252031;IND;1933;1933;1990;1990;2;5;8388640;2;0;5;0;aubm_c1_reserve_10;1933;1964;1999;x
Tarun Shah (R);252032;IND;1933;1936;1937;1990;2;5;68;2;0;5;0;aubm_reserve_03;1933;1964;1999;x
Uday Zaidi (R);252033;IND;1933;1933;1990;1990;2;6;262145;3;0;5;0;aubm_c1_reserve_11;1933;1964;1999;x
Vikram Mirza (R);252034;IND;1933;1933;1990;1990;2;5;2097154;2;0;5;0;aubm_reserve_04;1933;1964;1999;x
Zorawar Bhagat (R);252035;IND;1933;1933;1990;1990;2;5;129;2;0;5;0;aubm_c1_reserve_12;1933;1964;1999;x
Aftab Desai (R);252036;IND;1933;1936;1990;1990;2;6;5;3;0;5;0;aubm_reserve_05;1933;1964;1999;x
Akhtar Kaul (R);252037;IND;1933;1933;1990;1990;2;5;34;2;0;5;0;aubm_reserve_06;1933;1964;1999;x
Asghar Mathur (R);252038;IND;1933;1933;1990;1990;2;5;10;2;0;5;0;aubm_reserve_07;1933;1964;1999;x
Bashir Panthaki (R);252039;IND;1933;1933;1990;1990;2;6;132;3;0;5;0;aubm_reserve_08;1933;1964;1999;x
Farooq Samant (R);252040;IND;1933;1936;1937;1942;2;5;288;2;0;5;0;aubm_reserve_09;1933;1964;1999;x
Hamid Sodhi (R);252041;IND;1933;1933;1990;1990;2;5;4194560;2;0;5;0;aubm_reserve_10;1933;1964;1999;x
Iftikhar Dewan (R);252042;IND;1933;1933;1990;1990;2;6;524292;3;0;5;0;aubm_reserve_11;1933;1964;1999;x
Javed Aiyar (R);252043;IND;1933;1933;1990;1990;2;5;8388640;2;0;5;0;aubm_reserve_12;1933;1964;1999;x
Karim Chatterjee (R);252044;IND;1933;1936;1990;1990;2;5;68;2;0;5;0;aubm_reserve_13;1933;1964;1999;x
Khalid Ghosh (R);252045;IND;1933;1933;1990;1990;2;6;262145;3;0;5;0;aubm_reserve_14;1933;1964;1999;x
Latif Kurup (R);252046;IND;1933;1933;1990;1990;2;5;2097154;2;0;5;0;aubm_reserve_15;1933;1964;1999;x
Mahmood Mukherji (R);252047;IND;1933;1933;1990;1990;2;5;129;2;0;5;0;aubm_reserve_16;1933;1964;1999;x
Nasir Rao (R);252048;IND;1933;1936;1937;1990;2;6;5;3;0;5;0;aubm_reserve_17;1933;1964;1999;x
Qadir Sethi (R);252049;IND;1933;1933;1990;1990;2;5;34;2;0;5;0;aubm_reserve_18;1933;1964;1999;x
Rashid Wadia (R);252050;IND;1933;1933;1990;1990;2;5;10;2;0;5;0;aubm_reserve_19;1933;1964;1999;x
Salim Lall (R);252051;IND;1933;1933;1990;1990;2;6;132;3;0;5;0;aubm_reserve_20;1933;1964;1999;x
Tariq Bedi (R);252052;IND;1933;1936;1990;1990;2;5;288;2;0;5;0;aubm_reserve_21;1933;1964;1999;x
Usman Dasgupta (R);252053;IND;1933;1933;1990;1990;2;5;4194560;2;0;5;0;aubm_reserve_22;1933;1964;1999;x
Zafar Katoch (R);252054;IND;1933;1933;1990;1990;2;6;524292;3;0;5;0;aubm_reserve_23;1933;1964;1999;x
Ananth Mankekar (R);252055;IND;1933;1933;1990;1990;2;5;8388640;2;0;5;0;aubm_reserve_24;1933;1964;1999;x
Madhavan Pandey (R);252056;IND;1933;1936;1937;1990;2;5;68;2;0;5;0;aubm_reserve_01;1933;1964;1999;x
Raghavan Sahni (R);252057;IND;1933;1933;1990;1990;2;6;262145;3;0;5;0;aubm_c1_reserve_09;1933;1964;1999;x
Sundaram Sinha (R);252058;IND;1933;1933;1990;1990;2;5;2097154;2;0;5;0;aubm_reserve_02;1933;1964;1999;x
Venkataraman Chakravarti (R);252059;IND;1933;1933;1990;1990;2;5;129;2;0;5;0;aubm_c1_reserve_10;1933;1964;1999;x
Aditya Dasgupta (R);252060;IND;1933;1936;1990;1942;2;6;5;3;0;5;0;aubm_reserve_03;1933;1964;1999;x
Ajit Katoch (R);252061;IND;1933;1933;1990;1990;2;5;34;2;0;5;0;aubm_c1_reserve_11;1933;1964;1999;x
Amar Mankekar (R);252062;IND;1933;1933;1990;1990;2;5;10;2;0;5;0;aubm_reserve_04;1933;1964;1999;x
Anand Pandey (R);252063;IND;1933;1933;1990;1990;2;6;132;3;0;5;0;aubm_c1_reserve_12;1933;1964;1999;x
Arjun Sahni (R);252064;IND;1933;1936;1937;1990;2;5;288;2;0;5;0;aubm_reserve_05;1933;1964;1999;x
Baldev Sinha (R);252065;IND;1933;1933;1990;1990;2;5;4194560;2;0;5;0;aubm_reserve_06;1933;1964;1999;x
Bikram Chakravarti (R);252066;IND;1933;1933;1990;1990;2;6;524292;3;0;5;0;aubm_reserve_07;1933;1964;1999;x
Chandra Ahluwalia (R);252067;IND;1933;1933;1990;1990;2;5;8388640;2;0;5;0;aubm_reserve_08;1933;1964;1999;x
Darshan Bose (R);252068;IND;1933;1936;1990;1990;2;5;68;2;0;5;0;aubm_reserve_09;1933;1964;1999;x
Devraj Engineer (R);252069;IND;1933;1933;1990;1990;2;6;262145;3;0;5;0;aubm_reserve_10;1933;1964;1999;x
Dhirendra Kohli (R);252070;IND;1933;1933;1990;1990;2;5;2097154;2;0;5;0;aubm_reserve_11;1933;1964;1999;x
Gopal Mistry (R);252071;IND;1933;1933;1990;1990;2;5;129;2;0;5;0;aubm_reserve_12;1933;1964;1999;x
Harbaksh Raina (R);252072;IND;1933;1936;1937;1990;2;6;5;3;0;5;0;aubm_reserve_13;1933;1964;1999;x
Harinder Saran (R);252073;IND;1933;1933;1990;1990;2;5;34;2;0;5;0;aubm_reserve_14;1933;1964;1999;x
Harish Vohra (R);252074;IND;1933;1933;1990;1990;2;5;10;2;0;5;0;aubm_reserve_15;1933;1964;1999;x
Jagat Iyengar (R);252075;IND;1933;1933;1990;1990;2;6;132;3;0;5;0;aubm_reserve_16;1933;1964;1999;x
Karan Banerjee (R);252076;IND;1933;1936;1990;1990;2;5;288;2;0;5;0;aubm_reserve_17;1933;1964;1999;x
Keshav Dalvi (R);252077;IND;1933;1933;1990;1990;2;5;4194560;2;0;5;0;aubm_reserve_18;1933;1964;1999;x
Kripal Jaffrey (R);252078;IND;1933;1933;1990;1990;2;6;524292;3;0;5;0;aubm_reserve_19;1933;1964;1999;x
Madhav Malhotra (R);252079;IND;1933;1933;1990;1990;2;5;8388640;2;0;5;0;aubm_reserve_20;1933;1964;1999;x
Behram Avari (R);252080;IND;1933;1936;1937;1942;2;6;1024;3;0;5;1;aubm_reserve_25;1933;1964;1999;x
Cawas Godrej (R);252081;IND;1933;1933;1990;1990;2;5;9216;2;0;5;1;aubm_c1_reserve_01;1933;1964;1999;x
Darius Nadkarni (R);252082;IND;1933;1933;1990;1990;2;5;4096;2;0;5;1;aubm_reserve_26;1933;1964;1999;x
Fali Baig (R);252083;IND;1933;1933;1990;1990;2;6;12288;3;0;5;1;aubm_c1_reserve_02;1933;1964;1999;x
Homi Kidwai (R);252084;IND;1933;1936;1990;1990;2;5;10240;2;0;5;1;aubm_reserve_27;1933;1964;1999;x
Jal Shamim (R);252085;IND;1933;1933;1990;1990;2;5;1024;2;0;5;1;aubm_c1_reserve_03;1933;1964;1999;x
Kaikobad Bharucha (R);252086;IND;1933;1933;1990;1990;2;6;9216;3;0;5;1;aubm_reserve_28;1933;1964;1999;x
Minocher Katari (R);252087;IND;1933;1933;1990;1990;2;5;4096;2;0;5;1;aubm_c1_reserve_04;1933;1964;1999;x
Noshir Soman (R);252088;IND;1933;1936;1937;1990;2;5;12288;2;0;5;1;aubm_reserve_29;1933;1964;1999;x
Rustom Durrani (R);252089;IND;1933;1933;1990;1990;2;6;10240;3;0;5;1;aubm_c1_reserve_05;1933;1964;1999;x
Sorab Merchant (R);252090;IND;1933;1933;1990;1990;2;5;1024;2;0;5;1;aubm_reserve_30;1933;1964;1999;x
Ardeshir Tyabji (R);252091;IND;1933;1933;1990;1990;2;5;9216;2;0;5;1;aubm_c1_reserve_06;1933;1964;1999;x
Dinshaw Daruwala (R);252092;IND;1933;1936;1990;1990;2;6;4096;3;0;5;1;aubm_reserve_31;1933;1964;1999;x
Farid Kothari (R);252093;IND;1933;1933;1990;1990;2;5;12288;2;0;5;1;aubm_c1_reserve_07;1933;1964;1999;x
Habib Vakil (R);252094;IND;1933;1933;1990;1990;2;5;10240;2;0;5;1;aubm_reserve_32;1933;1964;1999;x
Jamshed Habibullah (R);252095;IND;1933;1933;1990;1990;2;6;1024;3;0;5;1;aubm_c1_reserve_08;1933;1964;1999;x
Khurshid Naqvi (R);252096;IND;1933;1936;1937;1990;2;5;9216;2;0;5;1;aubm_reserve_33;1933;1964;1999;x
Mansur Warsi (R);252097;IND;1933;1933;1990;1990;2;5;4096;2;0;5;1;aubm_reserve_34;1933;1964;1999;x
Nadir Gandhi (R);252098;IND;1933;1933;1990;1990;2;6;12288;3;0;5;1;aubm_reserve_25;1933;1964;1999;x
Rehman Mody (R);252099;IND;1933;1933;1990;1990;2;5;10240;2;0;5;1;aubm_c1_reserve_01;1933;1964;1999;x
Abhay Ansari (R);252100;IND;1933;1936;1990;1942;2;5;1024;2;0;5;1;aubm_reserve_26;1933;1964;1999;x
Arvind Jalal (R);252101;IND;1933;1933;1990;1990;2;6;9216;3;0;5;1;aubm_c1_reserve_02;1933;1964;1999;x
Bhaskar Sami (R);252102;IND;1933;1933;1990;1990;2;5;4096;2;0;5;1;aubm_reserve_27;1933;1964;1999;x
Deepak Balsara (R);252103;IND;1933;1933;1990;1990;2;5;12288;2;0;5;1;aubm_c1_reserve_03;1933;1964;1999;x
Hemant Irani (R);252104;IND;1933;1936;1937;1990;2;6;10240;3;0;5;1;aubm_reserve_28;1933;1964;1999;x
Inder Patrawala (R);252105;IND;1933;1933;1990;1990;2;5;1024;2;0;5;1;aubm_c1_reserve_04;1933;1964;1999;x
Kamal Chishti (R);252106;IND;1933;1933;1990;1990;2;5;9216;2;0;5;1;aubm_reserve_29;1933;1964;1999;x
Kiran Lari (R);252107;IND;1933;1933;1990;1990;2;6;4096;3;0;5;1;aubm_c1_reserve_05;1933;1964;1999;x
Madan Sultan (R);252108;IND;1933;1936;1990;1990;2;5;12288;2;0;5;1;aubm_reserve_30;1933;1964;1999;x
Nikhil Contractor (R);252109;IND;1933;1933;1990;1990;2;5;10240;2;0;5;1;aubm_c1_reserve_06;1933;1964;1999;x
Abhinav Agarwal (R);252110;IND;1933;1936;1937;1942;2;6;4096;3;0;5;2;aubm_reserve_35;1933;1964;1999;x
Ajoy Gokhale (R);252111;IND;1933;1933;1990;1990;2;5;12288;2;0;5;2;aubm_c1_reserve_13;1933;1964;1999;x
Akash Madan (R);252112;IND;1933;1933;1990;1990;2;5;131072;2;0;5;2;aubm_reserve_36;1933;1964;1999;x
Anil Suri (R);252113;IND;1933;1933;1990;1990;2;6;139264;3;0;5;2;aubm_c1_reserve_14;1933;1964;1999;x
Arun Dhingra (R);252114;IND;1933;1936;1990;1990;2;5;16384;2;0;5;2;aubm_reserve_37;1933;1964;1999;x
Avinash Rizvi (R);252115;IND;1933;1933;1990;1990;2;5;20480;2;0;5;2;aubm_c1_reserve_15;1933;1964;1999;x
Bharat Cursetji (R);252116;IND;1933;1933;1990;1990;2;6;32768;3;0;5;2;aubm_reserve_38;1933;1964;1999;x
Chetan Wadia (R);252117;IND;1933;1933;1990;1990;2;5;98304;2;0;5;2;aubm_c1_reserve_16;1933;1964;1999;x
Dilip Dutt (R);252118;IND;1933;1936;1937;1990;2;5;4096;2;0;5;2;aubm_reserve_39;1933;1964;1999;x
Gautam Luthra (R);252119;IND;1933;1933;1990;1990;2;6;12288;3;0;5;2;aubm_reserve_40;1933;1964;1999;x
Girish Sekhon (R);252120;IND;1933;1933;1990;1990;2;5;131072;2;0;5;2;aubm_reserve_41;1933;1964;1999;x
Indrajit Datta (R);252121;IND;1933;1933;1990;1990;2;5;139264;2;0;5;2;aubm_reserve_42;1933;1964;1999;x
Jayant Nayar (R);252122;IND;1933;1936;1990;1990;2;6;16384;3;0;5;2;aubm_reserve_43;1933;1964;1999;x
Kailash Bhabha (R);252123;IND;1933;1933;1990;1990;2;5;20480;2;0;5;2;aubm_reserve_44;1933;1964;1999;x
Krishan Tata (R);252124;IND;1933;1933;1990;1990;2;5;32768;2;0;5;2;aubm_reserve_45;1933;1964;1999;x
Mahesh Deol (R);252125;IND;1933;1933;1990;1990;2;6;98304;3;0;5;2;aubm_reserve_46;1933;1964;1999;x
Navin Khosla (R);252126;IND;1933;1936;1937;1990;2;5;4096;2;0;5;2;aubm_reserve_47;1933;1964;1999;x
Niranjan Sarin (R);252127;IND;1933;1933;1990;1990;2;5;12288;2;0;5;2;aubm_reserve_48;1933;1964;1999;x
Prakash Chhibber (R);252128;IND;1933;1933;1990;1990;2;6;131072;3;0;5;2;aubm_reserve_35;1933;1964;1999;x
Prem Mahajan (R);252129;IND;1933;1933;1990;1990;2;5;139264;2;0;5;2;aubm_c1_reserve_13;1933;1964;1999;x
Ravi Bamji (R);252130;IND;1933;1936;1990;1942;2;5;16384;2;0;5;2;aubm_reserve_36;1933;1964;1999;x
Roshan Siganporia (R);252131;IND;1933;1933;1990;1990;2;6;20480;3;0;5;2;aubm_c1_reserve_14;1933;1964;1999;x
Sachin Chopra (R);252132;IND;1933;1933;1990;1990;2;5;32768;2;0;5;2;aubm_reserve_37;1933;1964;1999;x
Satish Kapoor (R);252133;IND;1933;1933;1990;1990;2;5;98304;2;0;5;2;aubm_c1_reserve_15;1933;1964;1999;x
Shivdev Rajan (R);252134;IND;1933;1936;1937;1990;2;6;4096;3;0;5;2;aubm_reserve_38;1933;1964;1999;x
Sunil Bharadwaj (R);252135;IND;1933;1933;1990;1990;2;5;12288;2;0;5;2;aubm_c1_reserve_16;1933;1964;1999;x
Vasant Khatri (R);252136;IND;1933;1933;1990;1990;2;5;131072;2;0;5;2;aubm_reserve_39;1933;1964;1999;x
Vinod Sikand (R);252137;IND;1933;1933;1990;1990;2;6;139264;3;0;5;2;aubm_reserve_40;1933;1964;1999;x
Vishwanath Poonawala (R);252138;IND;1933;1936;1990;1990;2;5;16384;2;0;5;2;aubm_reserve_41;1933;1964;1999;x
Yashwant Bhandari (R);252139;IND;1933;1933;1990;1990;2;5;20480;2;0;5;2;aubm_reserve_42;1933;1964;1999;x
Abbas Jatar (R);252140;IND;1933;1933;1990;1990;2;6;32768;3;0;5;2;aubm_reserve_43;1933;1964;1999;x
Adil Naidu (R);252141;IND;1933;1933;1990;1990;2;5;98304;2;0;5;2;aubm_reserve_44;1933;1964;1999;x
Faiz Varma (R);252142;IND;1933;1936;1937;1990;2;5;4096;2;0;5;2;aubm_reserve_45;1933;1964;1999;x
Hasan Kazmi (R);252143;IND;1933;1933;1990;1990;2;6;12288;3;0;5;2;aubm_reserve_46;1933;1964;1999;x
Iqbal Shukla (R);252144;IND;1933;1933;1990;1990;2;5;131072;2;0;5;2;aubm_reserve_47;1933;1964;1999;x
Jalal Maneckshaw (R);252145;IND;1933;1933;1990;1990;2;5;139264;2;0;5;2;aubm_reserve_48;1933;1964;1999;x
Masood Badhwar (R);252146;IND;1933;1936;1990;1990;2;6;16384;3;0;5;2;aubm_reserve_35;1933;1964;1999;x
Nawab Handa (R);252147;IND;1933;1933;1990;1990;2;5;20480;2;0;5;2;aubm_c1_reserve_13;1933;1964;1999;x
Rafiq Mehra (R);252148;IND;1933;1933;1990;1990;2;5;32768;2;0;5;2;aubm_reserve_36;1933;1964;1999;x
Shahid Tuli (R);252149;IND;1933;1933;1990;1990;2;6;98304;3;0;5;2;aubm_c1_reserve_14;1933;1964;1999;x
Mahendra Narang (R);252150;IND;1936;1939;1940;1945;2;5;68;2;0;5;0;aubm_reserve_21;1936;1964;1999;x
Manek Sabharwal (R);252151;IND;1936;1936;1990;1990;2;6;262145;3;0;5;0;aubm_reserve_22;1936;1964;1999;x
Mohan Siddiqi (R);252152;IND;1936;1936;1990;1990;2;5;2097154;2;0;5;0;aubm_reserve_23;1936;1964;1999;x
Nalin Zaman (R);252153;IND;1936;1936;1990;1990;2;5;129;2;0;5;0;aubm_reserve_24;1936;1964;1999;x
Naresh Puri (R);252154;IND;1936;1939;1990;1990;2;6;5;3;0;5;0;aubm_reserve_01;1936;1964;1999;x
Pratap Bhalla (R);252155;IND;1936;1936;1990;1990;2;5;34;2;0;5;0;aubm_c1_reserve_09;1936;1964;1999;x
Rajendra Dhillon (R);252156;IND;1936;1936;1990;1990;2;5;10;2;0;5;0;aubm_reserve_02;1936;1964;1999;x
Ranjit Khanna (R);252157;IND;1936;1936;1990;1990;2;6;132;3;0;5;0;aubm_c1_reserve_10;1936;1964;1999;x
Raghbir Menon (R);252158;IND;1936;1939;1940;1990;2;5;288;2;0;5;0;aubm_reserve_03;1936;1964;1999;x
Samar Qureshi (R);252159;IND;1936;1936;1990;1990;2;5;4194560;2;0;5;0;aubm_c1_reserve_11;1936;1964;1999;x
Shankar Sapru (R);252160;IND;1936;1936;1990;1990;2;6;524292;3;0;5;0;aubm_reserve_04;1936;1964;1999;x
Surendra Talwar (R);252161;IND;1936;1936;1990;1990;2;5;8388640;2;0;5;0;aubm_c1_reserve_12;1936;1964;1999;x
Tarun Haksar (R);252162;IND;1936;1939;1990;1990;2;5;68;2;0;5;0;aubm_reserve_05;1936;1964;1999;x
Uday Bakshi (R);252163;IND;1936;1936;1990;1990;2;6;262145;3;0;5;0;aubm_reserve_06;1936;1964;1999;x
Vikram Chaudhuri (R);252164;IND;1936;1936;1990;1990;2;5;2097154;2;0;5;0;aubm_reserve_07;1936;1964;1999;x
Zorawar Gill (R);252165;IND;1936;1936;1990;1990;2;5;129;2;0;5;0;aubm_reserve_08;1936;1964;1999;x
Aftab Majumdar (R);252166;IND;1936;1939;1940;1990;2;6;5;3;0;5;0;aubm_reserve_09;1936;1964;1999;x
Akhtar Nanda (R);252167;IND;1936;1936;1990;1990;2;5;34;2;0;5;0;aubm_reserve_10;1936;1964;1999;x
Asghar Reddy (R);252168;IND;1936;1936;1990;1990;2;5;10;2;0;5;0;aubm_reserve_11;1936;1964;1999;x
Bashir Shah (R);252169;IND;1936;1936;1990;1990;2;6;132;3;0;5;0;aubm_reserve_12;1936;1964;1999;x
Farooq Zaidi (R);252170;IND;1936;1939;1990;1945;2;5;288;2;0;5;0;aubm_reserve_13;1936;1964;1999;x
Hamid Mirza (R);252171;IND;1936;1936;1990;1990;2;5;4194560;2;0;5;0;aubm_reserve_14;1936;1964;1999;x
Iftikhar Bhagat (R);252172;IND;1936;1936;1990;1990;2;6;524292;3;0;5;0;aubm_reserve_15;1936;1964;1999;x
Javed Desai (R);252173;IND;1936;1936;1990;1990;2;5;8388640;2;0;5;0;aubm_reserve_16;1936;1964;1999;x
Karim Kaul (R);252174;IND;1936;1939;1940;1990;2;5;68;2;0;5;0;aubm_reserve_17;1936;1964;1999;x
Khalid Mathur (R);252175;IND;1936;1936;1990;1990;2;6;262145;3;0;5;0;aubm_reserve_18;1936;1964;1999;x
Latif Panthaki (R);252176;IND;1936;1936;1990;1990;2;5;2097154;2;0;5;0;aubm_reserve_19;1936;1964;1999;x
Mahmood Samant (R);252177;IND;1936;1936;1990;1990;2;5;129;2;0;5;0;aubm_reserve_20;1936;1964;1999;x
Nasir Sodhi (R);252178;IND;1936;1939;1990;1990;2;6;5;3;0;5;0;aubm_reserve_21;1936;1964;1999;x
Qadir Dewan (R);252179;IND;1936;1936;1990;1990;2;5;34;2;0;5;0;aubm_reserve_22;1936;1964;1999;x
Rashid Aiyar (R);252180;IND;1936;1936;1990;1990;2;5;10;2;0;5;0;aubm_reserve_23;1936;1964;1999;x
Salim Chatterjee (R);252181;IND;1936;1936;1990;1990;2;6;132;3;0;5;0;aubm_reserve_24;1936;1964;1999;x
Tariq Ghosh (R);252182;IND;1936;1939;1940;1990;2;5;288;2;0;5;0;aubm_reserve_01;1936;1964;1999;x
Usman Kurup (R);252183;IND;1936;1936;1990;1990;2;5;4194560;2;0;5;0;aubm_c1_reserve_09;1936;1964;1999;x
Zafar Mukherji (R);252184;IND;1936;1936;1990;1990;2;6;524292;3;0;5;0;aubm_reserve_02;1936;1964;1999;x
Ananth Rao (R);252185;IND;1936;1936;1990;1990;2;5;8388640;2;0;5;0;aubm_c1_reserve_10;1936;1964;1999;x
Madhavan Sethi (R);252186;IND;1936;1939;1990;1990;2;5;68;2;0;5;0;aubm_reserve_03;1936;1964;1999;x
Raghavan Wadia (R);252187;IND;1936;1936;1990;1990;2;6;262145;3;0;5;0;aubm_c1_reserve_11;1936;1964;1999;x
Sundaram Lall (R);252188;IND;1936;1936;1990;1990;2;5;2097154;2;0;5;0;aubm_reserve_04;1936;1964;1999;x
Venkataraman Bedi (R);252189;IND;1936;1936;1990;1990;2;5;129;2;0;5;0;aubm_c1_reserve_12;1936;1964;1999;x
Pramod Khandalavala (R);252190;IND;1936;1936;1990;1990;2;6;1024;3;0;5;1;aubm_reserve_31;1936;1964;1999;x
Ramesh Tarapore (R);252191;IND;1936;1936;1990;1990;2;5;9216;2;0;5;1;aubm_c1_reserve_07;1936;1964;1999;x
Sanjay Faruqui (R);252192;IND;1936;1939;1940;1990;2;5;4096;2;0;5;1;aubm_reserve_32;1936;1964;1999;x
Subhash Mir (R);252193;IND;1936;1936;1990;1990;2;6;12288;3;0;5;1;aubm_c1_reserve_08;1936;1964;1999;x
Vijay Vazifdar (R);252194;IND;1936;1936;1990;1990;2;5;10240;2;0;5;1;aubm_reserve_33;1936;1964;1999;x
Ashfaq Dastur (R);252195;IND;1936;1936;1990;1990;2;5;1024;2;0;5;1;aubm_reserve_34;1936;1964;1999;x
Imtiaz Madon (R);252196;IND;1936;1939;1990;1990;2;6;9216;3;0;5;1;aubm_reserve_25;1936;1964;1999;x
Naeem Wacha (R);252197;IND;1936;1936;1990;1990;2;5;4096;2;0;5;1;aubm_c1_reserve_01;1936;1964;1999;x
Saeed Ismail (R);252198;IND;1936;1936;1990;1990;2;5;12288;2;0;5;1;aubm_reserve_26;1936;1964;1999;x
Yaqoob Rahman (R);252199;IND;1936;1936;1990;1990;2;6;10240;3;0;5;1;aubm_c1_reserve_02;1936;1964;1999;x
Behram Kothari (R);252200;IND;1936;1939;1940;1945;2;5;1024;2;0;5;1;aubm_reserve_27;1936;1964;1999;x
Cawas Vakil (R);252201;IND;1936;1936;1990;1990;2;5;9216;2;0;5;1;aubm_c1_reserve_03;1936;1964;1999;x
Darius Habibullah (R);252202;IND;1936;1936;1990;1990;2;6;4096;3;0;5;1;aubm_reserve_28;1936;1964;1999;x
Fali Naqvi (R);252203;IND;1936;1936;1990;1990;2;5;12288;2;0;5;1;aubm_c1_reserve_04;1936;1964;1999;x
Homi Warsi (R);252204;IND;1936;1939;1990;1990;2;5;10240;2;0;5;1;aubm_reserve_29;1936;1964;1999;x
Jal Gandhi (R);252205;IND;1936;1936;1990;1990;2;6;1024;3;0;5;1;aubm_c1_reserve_05;1936;1964;1999;x
Kaikobad Mody (R);252206;IND;1936;1936;1990;1990;2;5;9216;2;0;5;1;aubm_reserve_30;1936;1964;1999;x
Minocher Ansari (R);252207;IND;1936;1936;1990;1990;2;5;4096;2;0;5;1;aubm_c1_reserve_06;1936;1964;1999;x
Noshir Jalal (R);252208;IND;1936;1939;1940;1990;2;6;12288;3;0;5;1;aubm_reserve_31;1936;1964;1999;x
Rustom Sami (R);252209;IND;1936;1936;1990;1990;2;5;10240;2;0;5;1;aubm_c1_reserve_07;1936;1964;1999;x
Tanvir Husain (R);252210;IND;1936;1939;1940;1945;2;5;4096;2;0;5;2;aubm_reserve_37;1936;1964;1999;x
Waheed Saxena (R);252211;IND;1936;1936;1990;1990;2;5;12288;2;0;5;2;aubm_c1_reserve_15;1936;1964;1999;x
Zahir Kanga (R);252212;IND;1936;1936;1990;1990;2;6;131072;3;0;5;2;aubm_reserve_38;1936;1964;1999;x
Aspy Ahuja (R);252213;IND;1936;1936;1990;1990;2;5;139264;2;0;5;2;aubm_c1_reserve_16;1936;1964;1999;x
Feroze Grewal (R);252214;IND;1936;1939;1990;1990;2;5;16384;2;0;5;2;aubm_reserve_39;1936;1964;1999;x
Minoo Malik (R);252215;IND;1936;1936;1990;1990;2;6;20480;3;0;5;2;aubm_reserve_40;1936;1964;1999;x
Pesi Thapar (R);252216;IND;1936;1936;1990;1990;2;5;32768;2;0;5;2;aubm_reserve_41;1936;1964;1999;x
Rusi Ganguly (R);252217;IND;1936;1936;1990;1990;2;5;98304;2;0;5;2;aubm_reserve_42;1936;1964;1999;x
Sam Saigal (R);252218;IND;1936;1939;1940;1990;2;6;4096;3;0;5;2;aubm_reserve_43;1936;1964;1999;x
Talyarkhan Ghandy (R);252219;IND;1936;1936;1990;1990;2;5;12288;2;0;5;2;aubm_reserve_44;1936;1964;1999;x
Abhinav Kapoor (R);252220;IND;1936;1936;1990;1990;2;5;131072;2;0;5;2;aubm_reserve_45;1936;1964;1999;x
Ajoy Rajan (R);252221;IND;1936;1936;1990;1990;2;6;139264;3;0;5;2;aubm_reserve_46;1936;1964;1999;x
Akash Bharadwaj (R);252222;IND;1936;1939;1990;1990;2;5;16384;2;0;5;2;aubm_reserve_47;1936;1964;1999;x
Anil Khatri (R);252223;IND;1936;1936;1990;1990;2;5;20480;2;0;5;2;aubm_reserve_48;1936;1964;1999;x
Arun Sikand (R);252224;IND;1936;1936;1990;1990;2;6;32768;3;0;5;2;aubm_reserve_35;1936;1964;1999;x
Avinash Poonawala (R);252225;IND;1936;1936;1990;1990;2;5;98304;2;0;5;2;aubm_c1_reserve_13;1936;1964;1999;x
Bharat Bhandari (R);252226;IND;1936;1939;1940;1990;2;5;4096;2;0;5;2;aubm_reserve_36;1936;1964;1999;x
Chetan Jatar (R);252227;IND;1936;1936;1990;1990;2;6;12288;3;0;5;2;aubm_c1_reserve_14;1936;1964;1999;x
Dilip Naidu (R);252228;IND;1936;1936;1990;1990;2;5;131072;2;0;5;2;aubm_reserve_37;1936;1964;1999;x
Gautam Varma (R);252229;IND;1936;1936;1990;1990;2;5;139264;2;0;5;2;aubm_c1_reserve_15;1936;1964;1999;x
Aditya Kurup (R);252230;IND;1939;1942;1943;1948;2;6;5;3;0;5;0;aubm_reserve_05;1939;1964;1999;x
Ajit Mukherji (R);252231;IND;1939;1939;1990;1990;2;5;34;2;0;5;0;aubm_reserve_06;1939;1964;1999;x
Amar Rao (R);252232;IND;1939;1939;1990;1990;2;5;10;2;0;5;0;aubm_reserve_07;1939;1964;1999;x
Anand Sethi (R);252233;IND;1939;1939;1990;1990;2;6;132;3;0;5;0;aubm_reserve_08;1939;1964;1999;x
Arjun Wadia (R);252234;IND;1939;1942;1990;1990;2;5;288;2;0;5;0;aubm_reserve_09;1939;1964;1999;x
Baldev Lall (R);252235;IND;1939;1939;1990;1990;2;5;4194560;2;0;5;0;aubm_reserve_10;1939;1964;1999;x
Bikram Bedi (R);252236;IND;1939;1939;1990;1990;2;6;524292;3;0;5;0;aubm_reserve_11;1939;1964;1999;x
Chandra Dasgupta (R);252237;IND;1939;1939;1990;1990;2;5;8388640;2;0;5;0;aubm_reserve_12;1939;1964;1999;x
Darshan Katoch (R);252238;IND;1939;1942;1943;1990;2;5;68;2;0;5;0;aubm_reserve_13;1939;1964;1999;x
Devraj Mankekar (R);252239;IND;1939;1939;1990;1990;2;6;262145;3;0;5;0;aubm_reserve_14;1939;1964;1999;x
Dhirendra Pandey (R);252240;IND;1939;1939;1990;1990;2;5;2097154;2;0;5;0;aubm_reserve_15;1939;1964;1999;x
Gopal Sahni (R);252241;IND;1939;1939;1990;1990;2;5;129;2;0;5;0;aubm_reserve_16;1939;1964;1999;x
Harbaksh Sinha (R);252242;IND;1939;1942;1990;1990;2;6;5;3;0;5;0;aubm_reserve_17;1939;1964;1999;x
Harinder Chakravarti (R);252243;IND;1939;1939;1990;1990;2;5;34;2;0;5;0;aubm_reserve_18;1939;1964;1999;x
Harish Ahluwalia (R);252244;IND;1939;1939;1990;1990;2;5;10;2;0;5;0;aubm_reserve_19;1939;1964;1999;x
Jagat Bose (R);252245;IND;1939;1939;1990;1990;2;6;132;3;0;5;0;aubm_reserve_20;1939;1964;1999;x
Karan Engineer (R);252246;IND;1939;1942;1943;1990;2;5;288;2;0;5;0;aubm_reserve_21;1939;1964;1999;x
Keshav Kohli (R);252247;IND;1939;1939;1990;1990;2;5;4194560;2;0;5;0;aubm_reserve_22;1939;1964;1999;x
Kripal Mistry (R);252248;IND;1939;1939;1990;1990;2;6;524292;3;0;5;0;aubm_reserve_23;1939;1964;1999;x
Madhav Raina (R);252249;IND;1939;1939;1990;1990;2;5;8388640;2;0;5;0;aubm_reserve_24;1939;1964;1999;x
Mahendra Saran (R);252250;IND;1939;1942;1990;1948;2;5;68;2;0;5;0;aubm_reserve_01;1939;1964;1999;x
Manek Vohra (R);252251;IND;1939;1939;1990;1990;2;6;262145;3;0;5;0;aubm_c1_reserve_09;1939;1964;1999;x
Mohan Iyengar (R);252252;IND;1939;1939;1990;1990;2;5;2097154;2;0;5;0;aubm_reserve_02;1939;1964;1999;x
Nalin Banerjee (R);252253;IND;1939;1939;1990;1990;2;5;129;2;0;5;0;aubm_c1_reserve_10;1939;1964;1999;x
Naresh Dalvi (R);252254;IND;1939;1942;1943;1990;2;6;5;3;0;5;0;aubm_reserve_03;1939;1964;1999;x
Pratap Jaffrey (R);252255;IND;1939;1939;1990;1990;2;5;34;2;0;5;0;aubm_c1_reserve_11;1939;1964;1999;x
Rajendra Malhotra (R);252256;IND;1939;1939;1990;1990;2;5;10;2;0;5;0;aubm_reserve_04;1939;1964;1999;x
Ranjit Narang (R);252257;IND;1939;1939;1990;1990;2;6;132;3;0;5;0;aubm_c1_reserve_12;1939;1964;1999;x
Raghbir Sabharwal (R);252258;IND;1939;1942;1990;1990;2;5;288;2;0;5;0;aubm_reserve_05;1939;1964;1999;x
Samar Siddiqi (R);252259;IND;1939;1939;1990;1990;2;5;4194560;2;0;5;0;aubm_reserve_06;1939;1964;1999;x
Shankar Zaman (R);252260;IND;1939;1939;1990;1990;2;6;524292;3;0;5;0;aubm_reserve_07;1939;1964;1999;x
Surendra Puri (R);252261;IND;1939;1939;1990;1990;2;5;8388640;2;0;5;0;aubm_reserve_08;1939;1964;1999;x
Tarun Bhalla (R);252262;IND;1939;1942;1943;1990;2;5;68;2;0;5;0;aubm_reserve_09;1939;1964;1999;x
Uday Dhillon (R);252263;IND;1939;1939;1990;1990;2;6;262145;3;0;5;0;aubm_reserve_10;1939;1964;1999;x
Vikram Khanna (R);252264;IND;1939;1939;1990;1990;2;5;2097154;2;0;5;0;aubm_reserve_11;1939;1964;1999;x
Zorawar Menon (R);252265;IND;1939;1939;1990;1990;2;5;129;2;0;5;0;aubm_reserve_12;1939;1964;1999;x
Aftab Qureshi (R);252266;IND;1939;1942;1990;1990;2;6;5;3;0;5;0;aubm_reserve_13;1939;1964;1999;x
Akhtar Sapru (R);252267;IND;1939;1939;1990;1990;2;5;34;2;0;5;0;aubm_reserve_14;1939;1964;1999;x
Asghar Talwar (R);252268;IND;1939;1939;1990;1990;2;5;10;2;0;5;0;aubm_reserve_15;1939;1964;1999;x
Bashir Haksar (R);252269;IND;1939;1939;1990;1990;2;6;132;3;0;5;0;aubm_reserve_16;1939;1964;1999;x
Sorab Balsara (R);252270;IND;1939;1939;1990;1990;2;5;1024;2;0;5;1;aubm_reserve_32;1939;1964;1999;x
Ardeshir Irani (R);252271;IND;1939;1939;1990;1990;2;6;9216;3;0;5;1;aubm_c1_reserve_08;1939;1964;1999;x
Dinshaw Patrawala (R);252272;IND;1939;1942;1990;1990;2;5;4096;2;0;5;1;aubm_reserve_33;1939;1964;1999;x
Farid Chishti (R);252273;IND;1939;1939;1990;1990;2;5;12288;2;0;5;1;aubm_reserve_34;1939;1964;1999;x
Habib Lari (R);252274;IND;1939;1939;1990;1990;2;6;10240;3;0;5;1;aubm_reserve_25;1939;1964;1999;x
Jamshed Sultan (R);252275;IND;1939;1939;1990;1990;2;5;1024;2;0;5;1;aubm_c1_reserve_01;1939;1964;1999;x
Khurshid Contractor (R);252276;IND;1939;1942;1943;1990;2;5;9216;2;0;5;1;aubm_reserve_26;1939;1964;1999;x
Mansur Khandalavala (R);252277;IND;1939;1939;1990;1990;2;6;4096;3;0;5;1;aubm_c1_reserve_02;1939;1964;1999;x
Nadir Tarapore (R);252278;IND;1939;1939;1990;1990;2;5;12288;2;0;5;1;aubm_reserve_27;1939;1964;1999;x
Rehman Faruqui (R);252279;IND;1939;1939;1990;1990;2;5;10240;2;0;5;1;aubm_c1_reserve_03;1939;1964;1999;x
Abhay Mir (R);252280;IND;1939;1942;1990;1948;2;6;1024;3;0;5;1;aubm_reserve_28;1939;1964;1999;x
Arvind Vazifdar (R);252281;IND;1939;1939;1990;1990;2;5;9216;2;0;5;1;aubm_c1_reserve_04;1939;1964;1999;x
Bhaskar Dastur (R);252282;IND;1939;1939;1990;1990;2;5;4096;2;0;5;1;aubm_reserve_29;1939;1964;1999;x
Deepak Madon (R);252283;IND;1939;1939;1990;1990;2;6;12288;3;0;5;1;aubm_c1_reserve_05;1939;1964;1999;x
Hemant Wacha (R);252284;IND;1939;1942;1943;1990;2;5;10240;2;0;5;1;aubm_reserve_30;1939;1964;1999;x
Girish Kazmi (R);252285;IND;1939;1942;1990;1948;2;6;16384;3;0;5;2;aubm_reserve_38;1939;1964;1999;x
Indrajit Shukla (R);252286;IND;1939;1939;1990;1990;2;5;20480;2;0;5;2;aubm_c1_reserve_16;1939;1964;1999;x
Jayant Maneckshaw (R);252287;IND;1939;1939;1990;1990;2;5;32768;2;0;5;2;aubm_reserve_39;1939;1964;1999;x
Kailash Badhwar (R);252288;IND;1939;1939;1990;1990;2;6;98304;3;0;5;2;aubm_reserve_40;1939;1964;1999;x
Krishan Handa (R);252289;IND;1939;1942;1943;1990;2;5;4096;2;0;5;2;aubm_reserve_41;1939;1964;1999;x
Mahesh Mehra (R);252290;IND;1939;1939;1990;1990;2;5;12288;2;0;5;2;aubm_reserve_42;1939;1964;1999;x
Navin Tuli (R);252291;IND;1939;1939;1990;1990;2;6;131072;3;0;5;2;aubm_reserve_43;1939;1964;1999;x
Niranjan Husain (R);252292;IND;1939;1939;1990;1990;2;5;139264;2;0;5;2;aubm_reserve_44;1939;1964;1999;x
Prakash Saxena (R);252293;IND;1939;1942;1990;1990;2;5;16384;2;0;5;2;aubm_reserve_45;1939;1964;1999;x
Prem Kanga (R);252294;IND;1939;1939;1990;1990;2;6;20480;3;0;5;2;aubm_reserve_46;1939;1964;1999;x
Ravi Ahuja (R);252295;IND;1939;1939;1990;1990;2;5;32768;2;0;5;2;aubm_reserve_47;1939;1964;1999;x
Roshan Grewal (R);252296;IND;1939;1939;1990;1990;2;5;98304;2;0;5;2;aubm_reserve_48;1939;1964;1999;x
Sachin Malik (R);252297;IND;1939;1942;1943;1990;2;6;4096;3;0;5;2;aubm_reserve_35;1939;1964;1999;x
Satish Thapar (R);252298;IND;1939;1939;1990;1990;2;5;12288;2;0;5;2;aubm_c1_reserve_13;1939;1964;1999;x
Shivdev Ganguly (R);252299;IND;1939;1939;1990;1990;2;5;131072;2;0;5;2;aubm_reserve_36;1939;1964;1999;x
Sunil Saigal (R);252300;IND;1939;1939;1990;1990;2;6;139264;3;0;5;2;aubm_c1_reserve_14;1939;1964;1999;x
Vasant Ghandy (R);252301;IND;1939;1942;1990;1990;2;5;16384;2;0;5;2;aubm_reserve_37;1939;1964;1999;x
Vinod Agarwal (R);252302;IND;1939;1939;1990;1990;2;5;20480;2;0;5;2;aubm_c1_reserve_15;1939;1964;1999;x
Vishwanath Gokhale (R);252303;IND;1939;1939;1990;1990;2;6;32768;3;0;5;2;aubm_reserve_38;1939;1964;1999;x
Yashwant Madan (R);252304;IND;1939;1939;1990;1990;2;5;98304;2;0;5;2;aubm_c1_reserve_16;1939;1964;1999;x
Farooq Bakshi (R);252305;IND;1944;1947;1948;1953;2;5;288;2;0;5;0;aubm_reserve_17;1944;1964;1999;x
Hamid Chaudhuri (R);252306;IND;1944;1944;1990;1990;2;5;4194560;2;0;5;0;aubm_reserve_18;1944;1964;1999;x
Iftikhar Gill (R);252307;IND;1944;1944;1990;1990;2;6;524292;3;0;5;0;aubm_reserve_19;1944;1964;1999;x
Javed Majumdar (R);252308;IND;1944;1944;1990;1990;2;5;8388640;2;0;5;0;aubm_reserve_20;1944;1964;1999;x
Karim Nanda (R);252309;IND;1944;1947;1990;1990;2;5;68;2;0;5;0;aubm_reserve_21;1944;1964;1999;x
Khalid Reddy (R);252310;IND;1944;1944;1990;1990;2;6;262145;3;0;5;0;aubm_reserve_22;1944;1964;1999;x
Latif Shah (R);252311;IND;1944;1944;1990;1990;2;5;2097154;2;0;5;0;aubm_reserve_23;1944;1964;1999;x
Mahmood Zaidi (R);252312;IND;1944;1944;1990;1990;2;5;129;2;0;5;0;aubm_reserve_24;1944;1964;1999;x
Nasir Mirza (R);252313;IND;1944;1947;1948;1990;2;6;5;3;0;5;0;aubm_reserve_01;1944;1964;1999;x
Qadir Bhagat (R);252314;IND;1944;1944;1990;1990;2;5;34;2;0;5;0;aubm_c1_reserve_09;1944;1964;1999;x
Rashid Desai (R);252315;IND;1944;1944;1990;1990;2;5;10;2;0;5;0;aubm_reserve_02;1944;1964;1999;x
Salim Kaul (R);252316;IND;1944;1944;1990;1990;2;6;132;3;0;5;0;aubm_c1_reserve_10;1944;1964;1999;x
Tariq Mathur (R);252317;IND;1944;1947;1990;1990;2;5;288;2;0;5;0;aubm_reserve_03;1944;1964;1999;x
Usman Panthaki (R);252318;IND;1944;1944;1990;1990;2;5;4194560;2;0;5;0;aubm_c1_reserve_11;1944;1964;1999;x
Zafar Samant (R);252319;IND;1944;1944;1990;1990;2;6;524292;3;0;5;0;aubm_reserve_04;1944;1964;1999;x
Ananth Sodhi (R);252320;IND;1944;1944;1990;1990;2;5;8388640;2;0;5;0;aubm_c1_reserve_12;1944;1964;1999;x
Madhavan Dewan (R);252321;IND;1944;1947;1948;1990;2;5;68;2;0;5;0;aubm_reserve_05;1944;1964;1999;x
Raghavan Aiyar (R);252322;IND;1944;1944;1990;1990;2;6;262145;3;0;5;0;aubm_reserve_06;1944;1964;1999;x
Sundaram Chatterjee (R);252323;IND;1944;1944;1990;1990;2;5;2097154;2;0;5;0;aubm_reserve_07;1944;1964;1999;x
Venkataraman Ghosh (R);252324;IND;1944;1944;1990;1990;2;5;129;2;0;5;0;aubm_reserve_08;1944;1964;1999;x
Aditya Panthaki (R);252325;IND;1944;1947;1990;1953;2;6;5;3;0;5;0;aubm_reserve_09;1944;1964;1999;x
Ajit Samant (R);252326;IND;1944;1944;1990;1990;2;5;34;2;0;5;0;aubm_reserve_10;1944;1964;1999;x
Amar Sodhi (R);252327;IND;1944;1944;1990;1990;2;5;10;2;0;5;0;aubm_reserve_11;1944;1964;1999;x
Anand Dewan (R);252328;IND;1944;1944;1990;1990;2;6;132;3;0;5;0;aubm_reserve_12;1944;1964;1999;x
Arjun Aiyar (R);252329;IND;1944;1947;1948;1990;2;5;288;2;0;5;0;aubm_reserve_13;1944;1964;1999;x
Baldev Chatterjee (R);252330;IND;1944;1944;1990;1990;2;5;4194560;2;0;5;0;aubm_reserve_14;1944;1964;1999;x
Bikram Ghosh (R);252331;IND;1944;1944;1990;1990;2;6;524292;3;0;5;0;aubm_reserve_15;1944;1964;1999;x
Chandra Kurup (R);252332;IND;1944;1944;1990;1990;2;5;8388640;2;0;5;0;aubm_reserve_16;1944;1964;1999;x
Darshan Mukherji (R);252333;IND;1944;1947;1990;1990;2;5;68;2;0;5;0;aubm_reserve_17;1944;1964;1999;x
Devraj Rao (R);252334;IND;1944;1944;1990;1990;2;6;262145;3;0;5;0;aubm_reserve_18;1944;1964;1999;x
Dhirendra Sethi (R);252335;IND;1944;1944;1990;1990;2;5;2097154;2;0;5;0;aubm_reserve_19;1944;1964;1999;x
Gopal Wadia (R);252336;IND;1944;1944;1990;1990;2;5;129;2;0;5;0;aubm_reserve_20;1944;1964;1999;x
Harbaksh Lall (R);252337;IND;1944;1947;1948;1990;2;6;5;3;0;5;0;aubm_reserve_21;1944;1964;1999;x
Harinder Bedi (R);252338;IND;1944;1944;1990;1990;2;5;34;2;0;5;0;aubm_reserve_22;1944;1964;1999;x
Harish Dasgupta (R);252339;IND;1944;1944;1990;1990;2;5;10;2;0;5;0;aubm_reserve_23;1944;1964;1999;x
Jagat Katoch (R);252340;IND;1944;1944;1990;1990;2;6;132;3;0;5;0;aubm_reserve_24;1944;1964;1999;x
Karan Mankekar (R);252341;IND;1944;1947;1990;1990;2;5;288;2;0;5;0;aubm_reserve_01;1944;1964;1999;x
Keshav Pandey (R);252342;IND;1944;1944;1990;1990;2;5;4194560;2;0;5;0;aubm_c1_reserve_09;1944;1964;1999;x
Kripal Sahni (R);252343;IND;1944;1944;1990;1990;2;6;524292;3;0;5;0;aubm_reserve_02;1944;1964;1999;x
Madhav Sinha (R);252344;IND;1944;1944;1990;1990;2;5;8388640;2;0;5;0;aubm_c1_reserve_10;1944;1964;1999;x
Inder Ismail (R);252345;IND;1944;1944;1990;1990;2;5;1024;2;0;5;1;aubm_c1_reserve_06;1944;1964;1999;x
Kamal Rahman (R);252346;IND;1944;1944;1990;1990;2;6;9216;3;0;5;1;aubm_reserve_31;1944;1964;1999;x
Kiran Avari (R);252347;IND;1944;1944;1990;1990;2;5;4096;2;0;5;1;aubm_c1_reserve_07;1944;1964;1999;x
Madan Godrej (R);252348;IND;1944;1947;1990;1990;2;5;12288;2;0;5;1;aubm_reserve_32;1944;1964;1999;x
Nikhil Nadkarni (R);252349;IND;1944;1944;1990;1990;2;6;10240;3;0;5;1;aubm_c1_reserve_08;1944;1964;1999;x
Pramod Baig (R);252350;IND;1944;1944;1990;1990;2;5;1024;2;0;5;1;aubm_reserve_33;1944;1964;1999;x
Ramesh Kidwai (R);252351;IND;1944;1944;1990;1990;2;5;9216;2;0;5;1;aubm_reserve_34;1944;1964;1999;x
Sanjay Shamim (R);252352;IND;1944;1947;1948;1990;2;6;4096;3;0;5;1;aubm_reserve_25;1944;1964;1999;x
Subhash Bharucha (R);252353;IND;1944;1944;1990;1990;2;5;12288;2;0;5;1;aubm_c1_reserve_01;1944;1964;1999;x
Vijay Katari (R);252354;IND;1944;1944;1990;1990;2;5;10240;2;0;5;1;aubm_reserve_26;1944;1964;1999;x
Abbas Suri (R);252355;IND;1944;1947;1948;1953;2;5;4096;2;0;5;2;aubm_reserve_39;1944;1964;1999;x
Adil Dhingra (R);252356;IND;1944;1944;1990;1990;2;6;12288;3;0;5;2;aubm_reserve_40;1944;1964;1999;x
Faiz Rizvi (R);252357;IND;1944;1944;1990;1990;2;5;131072;2;0;5;2;aubm_reserve_41;1944;1964;1999;x
Hasan Cursetji (R);252358;IND;1944;1944;1990;1990;2;5;139264;2;0;5;2;aubm_reserve_42;1944;1964;1999;x
Iqbal Wadia (R);252359;IND;1944;1947;1990;1990;2;6;16384;3;0;5;2;aubm_reserve_43;1944;1964;1999;x
Jalal Dutt (R);252360;IND;1944;1944;1990;1990;2;5;20480;2;0;5;2;aubm_reserve_44;1944;1964;1999;x
Masood Luthra (R);252361;IND;1944;1944;1990;1990;2;5;32768;2;0;5;2;aubm_reserve_45;1944;1964;1999;x
Nawab Sekhon (R);252362;IND;1944;1944;1990;1990;2;6;98304;3;0;5;2;aubm_reserve_46;1944;1964;1999;x
Rafiq Datta (R);252363;IND;1944;1947;1948;1990;2;5;4096;2;0;5;2;aubm_reserve_47;1944;1964;1999;x
Shahid Nayar (R);252364;IND;1944;1944;1990;1990;2;5;12288;2;0;5;2;aubm_reserve_48;1944;1964;1999;x
Tanvir Bhabha (R);252365;IND;1944;1944;1990;1990;2;6;131072;3;0;5;2;aubm_reserve_35;1944;1964;1999;x
Waheed Tata (R);252366;IND;1944;1944;1990;1990;2;5;139264;2;0;5;2;aubm_c1_reserve_13;1944;1964;1999;x
Zahir Deol (R);252367;IND;1944;1947;1990;1990;2;5;16384;2;0;5;2;aubm_reserve_36;1944;1964;1999;x
Aspy Khosla (R);252368;IND;1944;1944;1990;1990;2;6;20480;3;0;5;2;aubm_c1_reserve_14;1944;1964;1999;x
Feroze Sarin (R);252369;IND;1944;1944;1990;1990;2;5;32768;2;0;5;2;aubm_reserve_37;1944;1964;1999;x
Minoo Chhibber (R);252370;IND;1944;1944;1990;1990;2;5;98304;2;0;5;2;aubm_c1_reserve_15;1944;1964;1999;x
Pesi Mahajan (R);252371;IND;1944;1947;1948;1990;2;6;4096;3;0;5;2;aubm_reserve_38;1944;1964;1999;x
Rusi Bamji (R);252372;IND;1944;1944;1990;1990;2;5;12288;2;0;5;2;aubm_c1_reserve_16;1944;1964;1999;x
Sam Siganporia (R);252373;IND;1944;1944;1990;1990;2;5;131072;2;0;5;2;aubm_reserve_39;1944;1964;1999;x
Talyarkhan Chopra (R);252374;IND;1944;1944;1990;1990;2;6;139264;3;0;5;2;aubm_reserve_40;1944;1964;1999;x
